location,date,total_cases,new_cases,total_deaths,new_deaths,gdp_per_capita,population
Australia,2019-12-31,0,0,0,0,44648.71,25499881
Australia,2020-01-01,0,0,0,0,44648.71,25499881
Australia,2020-01-02,0,0,0,0,44648.71,25499881
Australia,2020-01-03,0,0,0,0,44648.71,25499881
Australia,2020-01-04,0,0,0,0,44648.71,25499881
Australia,2020-01-05,0,0,0,0,44648.71,25499881
Australia,2020-01-06,0,0,0,0,44648.71,25499881
Australia,2020-01-07,0,0,0,0,44648.71,25499881
Australia,2020-01-08,0,0,0,0,44648.71,25499881
Australia,2020-01-09,0,0,0,0,44648.71,25499881
Australia,2020-01-10,0,0,0,0,44648.71,25499881
Australia,2020-01-11,0,0,0,0,44648.71,25499881
Australia,2020-01-12,0,0,0,0,44648.71,25499881
Australia,2020-01-13,0,0,0,0,44648.71,25499881
Australia,2020-01-14,0,0,0,0,44648.71,25499881
Australia  ,2020-01-15,0,0,0,0,44648.71,25499881
Australia,2020-01-16,0,0,0,0,44648.71,25499881
Australia,2020-01-17,0,0,0,0,44648.71,25499881
Australia,2020-01-18,0,0,0,0,44648.71,25499881
Australia,2020-01-19,0,0,0,0,44648.71,25499881
Australia,2020-01-20,0,0,0,0,44648.71,25499881
Australia,2020-01-21,0,0,0,0,44648.71,25499881
Australia,2020-01-22,0,0,0,0,44648.71,25499881
Australia,2020-01-23,0,0,0,0,44648.71,25499881
Australia,2020-01-24,0,0,0,0,44648.71,25499881
Australia  ,2020-01-25,1,1,0,0,44648.71,25499881
Australia,2020-01-26,4,3,0,0,44648.71,25499881
Australia,2020-01-27,4,0,0,0,44648.71,25499881
Australia,2020-01-28,4,0,0,0,44648.71,25499881
Australia,2020-01-29,4,0,0,0,44648.71,25499881
Australia,2020-01-30,6,2,0,0,44648.71,25499881
Australia,2020-01-31,7,1,0,0,44648.71,25499881
Australia,2020-02-01,9,2,0,0,44648.71,25499881
Australia,2020-02-02,11,2,0,0,44648.71,25499881
Australia,2020-02-03,11,0,0,0,44648.71,25499881
Australia,2020-02-04,11,0,0,0,44648.71,25499881
Australia,2020-02-05,12,1,0,0,44648.71,25499881
Australia,2020-02-06,13,1,0,0,44648.71,25499881
Australia,2020-02-07,14,1,0,0,44648.71,25499881
Australia,2020-02-08,14,0,0,0,44648.71,25499881
Australia,2020-02-09,14,0,0,0,44648.71,25499881
Australia,2020-02-10,14,0,0,0,44648.71,25499881
Australia,2020-02-11,14,0,0,0,44648.71,25499881
Australia,2020-02-12,14,0,0,0,44648.71,25499881
Australia,2020-02-13,14,0,0,0,44648.71,25499881
Australia,2020-02-14,15,1,0,0,44648.71,25499881
Australia,2020-02-15,15,0,0,0,44648.71,25499881
Australia,2020-02-16,15,0,0,0,44648.71,25499881
Australia,2020-02-17,15,0,0,0,44648.71,25499881
Australia,2020-02-18,15,0,0,0,44648.71,25499881
Australia,2020-02-19,15,0,0,0,44648.71,25499881
Australia,2020-02-20,15,0,0,0,44648.71,25499881
Australia,2020-02-21,17,2,0,0,44648.71,25499881
Australia,2020-02-22,21,4,0,0,44648.71,25499881
Australia,2020-02-23,22,1,0,0,44648.71,25499881
Australia,2020-02-24,22,0,0,0,44648.71,25499881
Australia,2020-02-25,22,0,0,0,44648.71,25499881
Australia,2020-02-26,22,0,0,0,44648.71,25499881
Australia,2020-02-27,23,1,0,0,44648.71,25499881
Australia,2020-02-28,23,0,0,0,44648.71,25499881
Australia,2020-02-29,25,2,0,0,44648.71,25499881
Australia,2020-03-01,26,1,1,1,44648.71,25499881
Australia,2020-03-02,29,3,1,0,44648.71,25499881
Australia,2020-03-03,33,4,1,0,44648.71,25499881
Australia,2020-03-04,41,8,1,0,44648.71,25499881
Australia,2020-03-05,52,11,2,1,44648.71,25499881
Australia,2020-03-06,59,7,2,0,44648.71,25499881
Australia,2020-03-07,63,4,2,0,44648.71,25499881
Australia,2020-03-08,74,11,3,1,44648.71,25499881
Australia,2020-03-09,80,6,3,0,44648.71,25499881
Australia,2020-03-10,100,20,3,0,44648.71,25499881
Australia,2020-03-11,112,12,3,0,44648.71,25499881
Australia,2020-03-12,126,14,3,0,44648.71,25499881
Australia,2020-03-13,156,30,3,0,44648.71,25499881
Australia,2020-03-14,197,41,3,0,44648.71,25499881
Australia,2020-03-15,249,52,3,0,44648.71,25499881
Australia,2020-03-16,298,49,5,2,44648.71,25499881
Australia,2020-03-17,375,77,5,0,44648.71,25499881
Australia,2020-03-18,454,79,5,0,44648.71,25499881
Australia,2020-03-19,565,111,6,1,44648.71,25499881
Australia,2020-03-20,709,144,6,0,44648.71,25499881
Australia,2020-03-21,874,165,7,1,44648.71,25499881
Australia,2020-03-22,1098,224,7,0,44648.71,25499881
Australia,2020-03-23,1709,611,7,0,44648.71,25499881
Australia,2020-03-24,1823,114,7,0,44648.71,25499881
Australia,2020-03-25,2423,600,8,1,44648.71,25499881
Australia,2020-03-26,2799,376,11,3,44648.71,25499881
Australia,2020-03-27,3166,367,13,2,44648.71,25499881
Australia,2020-03-28,3378,212,13,0,44648.71,25499881
Australia,2020-03-29,3809,431,14,1,44648.71,25499881
Australia,2020-03-30,4093,284,16,2,44648.71,25499881
Australia,2020-03-31,4557,464,19,3,44648.71,25499881
Australia,2020-04-01,4707,150,20,1,44648.71,25499881
Australia,2020-04-02,4976,269,21,1,44648.71,25499881
Australia,2020-04-03,5224,248,23,2,44648.71,25499881
Australia,2020-04-04,5548,324,30,7,44648.71,25499881
Australia,2020-04-05,5687,139,34,4,44648.71,25499881
Australia,2020-04-06,5744,57,36,2,44648.71,25499881
Australia,2020-04-07,5844,100,42,6,44648.71,25499881
Australia,2020-04-08,5956,112,45,3,44648.71,25499881
Australia,2020-04-09,6052,96,50,,44648.71,25499881
Australia,2020-04-10,6152,100,52,2,44648.71,25499881
Australia,2020-04-11,6238,86,54,2,44648.71,25499881
Australia,2020-04-12,6289,51,57,3,44648.71,25499881
Australia,2020-04-13,6322,33,61,4,44648.71,25499881
Australia,2020-04-14,6366,44,61,0,44648.71,25499881
Australia,2020-04-15,6416,50,61,0,44648.71,25499881
Australia,2020-04-16,6458,42,63,2,44648.71,25499881
Australia,2020-04-17,6497,39,63,0,44648.71,25499881
Australia,2020-04-18,6533,36,67,4,44648.71,25499881
Australia,2020-04-19,6586,53,69,2,44648.71,25499881
Australia,2020-04-20,6612,26,70,1,44648.71,25499881
Australia,2020-04-21,6625,13,71,1,44648.71,25499881
Australia,2020-04-22,6647,22,74,3,44648.71,25499881
Australia,2020-04-23,6654,7,74,0,44648.71,25499881
Australia,2020-04-24,6667,13,75,1,44648.71,25499881
Australia,2020-04-25,6687,20,79,4,44648.71,25499881
Australia,2020-04-26,6703,16,81,2,44648.71,25499881
Australia,2020-04-27,6713,10,83,2,44648.71,25499881
Australia,2020-04-28,6725,12,84,1,44648.71,25499881
Australia,2020-04-29,6738,13,88,4,44648.71,25499881
Australia,2020-04-30,6746,8,90,2,44648.71,25499881
Australia,2020-05-01,6762,16,92,2,44648.71,25499881
Australia,2020-05-02,6767,5,93,1,44648.71,25499881
Australia,2020-05-03,6783,16,93,0,44648.71,25499881
Australia,2020-05-04,6801,18,95,2,44648.71,25499881
Australia,2020-05-05,6825,24,95,0,44648.71,25499881
Australia,2020-05-06,6849,24,96,1,44648.71,25499881
Australia,2020-05-07,6875,26,97,1,44648.71,25499881
Australia  ,2020-05-08,6896,21,97,0,44648.71,25499881
Australia,2020-05-09,6914,18,97,0,44648.71,25499881
Australia,2020-05-10,6929,15,97,0,44648.71,25499881
Australia,2020-05-11,6941,12,97,0,44648.71,25499881
Australia,2020-05-12,6948,7,97,0,44648.71,25499881
Australia,2020-05-13,6964,16,97,0,44648.71,25499881
Australia,2020-05-14,6975,11,98,1,44648.71,25499881
Australia,2020-05-15,6989,14,98,0,44648.71,25499881
Australia,2020-05-16,7019,30,98,0,44648.71,25499881
Australia,2020-05-17,7036,17,98,0,44648.71,25499881
Australia,2020-05-18,7045,9,98,0,44648.71,25499881
Australia,2020-05-19,7060,15,99,1,44648.71,25499881
Australia  ,2020-05-20,7068,8,99,0,44648.71,25499881
Australia,2020-05-21,7079,11,100,1,44648.71,25499881
Australia,2020-05-22,7081,2,100,0,44648.71,25499881
Australia  ,2020-05-23,7095,14,101,1,44648.71,25499881
Australia,2020-05-24,7106,11,102,1,44648.71,25499881
Australia,2020-05-25,7109,3,102,0,44648.71,25499881
Australia,2020-05-26,7118,9,102,0,44648.71,25499881
Australia,2020-05-27,7133,15,102,0,44648.71,25499881
Australia,2020-05-28,7139,6,102,0,44648.71,25499881
Australia,2020-05-29,7150,11,102,0,44648.71,25499881
Australia,2020-05-30,7173,23,102,0,44648.71,25499881
Australia,2020-05-31,7185,12,102,0,44648.71,25499881
Australia,2020-06-01,7195,10,102,0,44648.71,25499881
Australia,2020-06-02,7204,9,102,0,44648.71,25499881
Australia  ,2020-06-03,7221,17,102,0,44648.71,25499881
Australia,2020-06-04,7229,8,102,0,44648.71,25499881
Australia,2020-06-05,7240,11,102,0,44648.71,25499881
Australia,2020-06-06,7251,11,102,0,44648.71,25499881
Australia,2020-06-07,7255,4,102,0,44648.71,25499881
Australia,2020-06-08,7260,5,102,0,44648.71,25499881
Australia,2020-06-09,7265,5,102,0,44648.71,25499881
Australia,2020-06-10,7267,2,102,0,44648.71,25499881
Australia,2020-06-11,7276,9,102,0,44648.71,25499881
Australia,2020-06-12,7285,9,102,0,44648.71,25499881
Australia,2020-06-13,7290,5,102,0,44648.71,25499881
Australia,2020-06-14,7302,12,102,0,44648.71,25499881
Australia,2020-06-15,7320,18,102,0,44648.71,25499881
Australia,2020-16-06,7335,15,102,0,44648.71,25499881
Australia,2020-06-17,7347,12,102,0,44648.71,25499881
Australia,2020-18-06,7370,23,102,0,44648.71,25499881
Australia,2020-06-19,7391,21,102,0,44648.71,25499881
Australia,2020-06-20,7409,18,102,0,44648.71,25499881
Australia,2020-06-21,7436,27,102,0,44648.71,25499881
Australia,2020-06-22,7461,25,102,0,44648.71,25499881
Australia,2020-06-23,7474,13,102,0,44648.71,25499881
Australia,2020-24-06,7492,18,102,0,44648.71,25499881
Australia,2020-06-25,7521,29,103,1,44648.71,25499881
Australia,2020-06-26,7558,37,104,1,44648.71,25499881
Australia,2020-06-27,7595,37,104,0,44648.71,25499881
Australia,2020-06-28,7641,46,104,0,44648.71,25499881
Australia,2020-06-29,7686,45,104,0,44648.71,25499881
Australia,2020-06-30,7767,81,104,0,44648.71,25499881
Australia,2020-07-01,7834,67,104,0,44648.71,25499881
Australia,2020-07-02,7920,86,104,0,44648.71,25499881
Australia,2020-07-03,8001,81,104,0,44648.71,25499881
Australia,2020-07-04,8255,254,104,0,44648.71,25499881
Australia,2020-07-05,8362,107,104,0,44648.71,25499881
Australia,2020-07-06,8449,87,104,0,44648.71,25499881
Australia,2020-07-07,8586,137,106,2,44648.71,25499881
Australia,2020-07-08,8755,169,106,0,44648.71,25499881
Australia,2020-07-09,8886,131,106,0,44648.71,25499881
Australia,2020-07-10,9059,173,106,0,44648.71,25499881
Australia,2020-07-11,9359,300,106,0,44648.71,25499881
Australia,2020-07-12,9553,194,107,1,44648.71,25499881
Australia,2020-07-13,9797,244,108,1,44648.71,25499881
Australia  ,2020-07-14,9980,183,108,0,44648.71,25499881
China,2019-12-31,27,27,0,0,15308.712,1439323774
China,2020-01-01,27,0,0,0,15308.712,1439323774
China,2020-01-02,27,0,0,0,15308.712,1439323774
China,2020-01-03,44,17,0,0,15308.712,1439323774
China,2020-01-04,44,0,0,0,15308.712,1439323774
China,2020-01-05,59,15,0,0,15308.712,1439323774
China,2020-01-06,59,0,0,0,15308.712,1439323774
China,2020-01-07,59,0,0,0,15308.712,1439323774
China,2020-01-08,59,0,0,0,15308.712,1439323774
China,2020-01-09,59,0,0,0,15308.712,1439323774
China,2020-01-10,59,0,0,0,15308.712,1439323774
China,2020-01-11,59,0,1,1,15308.712,1439323774
 China,2020-01-12,59,0,1,0,15308.712,1439323774
China,2020-01-13,59,0,1,0,15308.712,1439323774
China,2020-14-01,59,0,1,0,15308.712,1439323774
China,2020-01-15,59,0,2,1,15308.712,1439323774
China,2020-01-16,59,0,2,0,15308.712,1439323774
China,2020-01-17,63,4,2,0,15308.712,1439323774
China,2020-18-01,80,17,2,0,15308.712,1439323774
China,2020-01-19,216,136,3,1,15308.712,1439323774
China,2020-01-20,235,19,3,0,15308.712,1439323774
China,2020-21-01,386,151,6,3,15308.712,1439323774
China,2020-01-22,526,140,17,11,15308.712,1439323774
China,2020-01-23,623,97,17,0,15308.712,1439323774
China,2020-01-24,882,259,26,9,15308.712,1439323774
China,2020-01-25,1323,441,41,15,15308.712,1439323774
China,2020-01-26,1988,665,56,15,15308.712,1439323774
China,2020-27-01,2775,787,81,25,15308.712,1439323774
China,2020-01-28,4528,1753,106,25,15308.712,1439323774
China,2020-01-29,5994,1466,132,26,15308.712,1439323774
China,2020-01-30,7734,1740,170,38,15308.712,1439323774
China,2020-01-31,9714,1980,213,43,15308.712,1439323774
China,2020-02-01,11809,2095,259,46,15308.712,1439323774
China,2020-02-02,14399,2590,304,45,15308.712,1439323774
China,2020-02-03,17211,2812,361,57,15308.712,1439323774
China,2020-02-04,20448,3237,426,65,15308.712,1439323774
China,2020-02-05,24320,3872,492,66,15308.712,1439323774
China,2020-02-06,28047,3727,564,72,15308.712,1439323774
 China,2020-02-07,31207,3160,637,73,15308.712,1439323774
China,2020-02-08,34625,3418,723,86,15308.712,1439323774
China,2020-02-09,37232,2607,812,89,15308.712,1439323774
China,2020-02-10,40206,2974,909,97,15308.712,1439323774
China,2020-02-11,42696,2490,1017,108,15308.712,1439323774
China,2020-02-12,44724,2028,1114,97,15308.712,1439323774
China,2020-02-13,59865,15141,1368,254,15308.712,1439323774
China,2020-02-14,64021,4156,1381,13,15308.712,1439323774
 China,2020-02-15,66559,2538,1524,143,15308.712,1439323774
China,2020-02-16,68566,2007,1666,142,15308.712,1439323774
China,2020-02-17,70618,2052,1771,105,15308.712,1439323774
China,2020-02-18,72508,1890,1869,98,15308.712,1439323774
China,2020-02-19,74258,1750,2008,139,15308.712,1439323774
China,2020-02-20,74652,394,2120,112,15308.712,1439323774
China,2020-02-21,75543,891,2238,118,15308.712,1439323774
China,2020-02-22,76369,826,,109,15308.712,1439323774
China,2020-02-23,77016,647,2445,98,15308.712,1439323774
 China,2020-02-24,77234,218,2595,150,15308.712,1439323774
China,2020-02-25,77749,515,2665,70,15308.712,1439323774
China,2020-02-26,78159,410,2717,52,15308.712,1439323774
China,2020-27-02,78598,439,2746,29,15308.712,1439323774
China,2020-02-28,78927,329,2790,44,15308.712,1439323774
China,2020-02-29,79355,428,2837,47,15308.712,1439323774
China,2020-03-01,79929,574,2872,35,15308.712,1439323774
China,2020-03-02,80134,205,2914,42,15308.712,1439323774
China,2020-03-03,80261,127,2946,32,15308.712,1439323774
China,2020-03-04,80380,119,2983,37,15308.712,1439323774
China,2020-03-05,80497,117,3014,31,15308.712,1439323774
China,2020-03-06,80667,170,3044,30,15308.712,1439323774
China,2020-03-07,80768,101,3072,28,15308.712,1439323774
China,2020-03-08,80814,46,3099,27,15308.712,1439323774
China,2020-03-09,80859,45,3122,23,15308.712,1439323774
China,2020-03-10,80879,20,3139,17,15308.712,1439323774
China,2020-03-11,80908,29,3161,22,15308.712,1439323774
China,2020-03-12,80932,24,3172,11,15308.712,1439323774
China,2020-03-13,80954,22,3179,7,15308.712,1439323774
China,2020-14-03,80973,19,3194,15,15308.712,1439323774
China,2020-03-15,80995,22,3203,9,15308.712,1439323774
China,2020-16-03,81020,25,3216,13,15308.712,1439323774
China,2020-03-17,81063,43,3225,9,15308.712,1439323774
China,2020-03-18,81086,23,3241,16,15308.712,1439323774
China,2020-03-19,81130,44,3249,8,15308.712,1439323774
China,2020-03-20,81229,99,3253,4,15308.712,1439323774
China,2020-21-03,81281,52,3259,6,15308.712,1439323774
China,2020-03-22,81346,65,3265,6,15308.712,1439323774
China,2020-03-23,81484,138,3274,9,15308.712,1439323774
China,2020-03-24,81553,69,3281,7,15308.712,1439323774
China,2020-25-03,81631,78,3285,4,15308.712,1439323774
China,2020-03-26,81733,102,3291,6,15308.712,1439323774
China,2020-03-27,81827,94,3296,5,15308.712,1439323774
China,2020-03-28,81946,119,3299,3,15308.712,1439323774
China,2020-03-29,82059,113,3304,5,15308.712,1439323774
China,2020-03-30,82157,98,3306,2,15308.712,1439323774
China,2020-31-03,82241,84,3309,3,15308.712,1439323774
China,2020-04-01,82295,54,3310,1,15308.712,1439323774
China,2020-04-02,82395,100,3316,6,15308.712,1439323774
China,2020-04-03,82465,70,3326,10,15308.712,1439323774
China,2020-04-04,82527,62,3330,4,15308.712,1439323774
China,2020-04-05,82575,48,3333,3,15308.712,1439323774
China,2020-04-06,82642,67,3335,2,15308.712,1439323774
China,2020-04-07,82698,56,3335,0,15308.712,1439323774
China,2020-04-08,82784,86,3337,2,15308.712,1439323774
China,2020-04-09,82870,86,3339,2,15308.712,1439323774
China,2020-04-10,82925,55,3340,1,15308.712,1439323774
China,2020-04-11,83004,79,3343,3,15308.712,1439323774
China,2020-04-12,83097,93,3343,,15308.712,1439323774
China,2020-04-13,83209,112,3345,2,15308.712,1439323774
China,2020-04-14,83303,94,3345,0,15308.712,1439323774
China,2020-04-15,83352,49,3346,1,15308.712,1439323774
China,2020-04-16,83402,50,3346,0,15308.712,1439323774
China,2020-04-17,83754,352,4636,1290,15308.712,1439323774
China,2020-04-18,83785,31,4636,0,15308.712,1439323774
China,2020-04-19,83803,18,4636,0,15308.712,1439323774
China,2020-04-20,83817,14,4636,0,15308.712,1439323774
China,2020-04-21,83849,32,4636,0,15308.712,1439323774
China,2020-04-22,83864,15,4636,0,15308.712,1439323774
China,2020-04-23,83876,12,4636,0,15308.712,1439323774
China,2020-04-24,83884,8,4636,0,15308.712,1439323774
 China,2020-04-25,83899,15,4636,0,15308.712,1439323774
China,2020-04-26,83909,10,4636,0,15308.712,1439323774
China,2020-04-27,83912,3,4637,1,15308.712,1439323774
 China,2020-04-28,83938,26,4637,0,15308.712,1439323774
China,2020-04-29,83940,2,4637,0,15308.712,1439323774
China,2020-04-30,83944,4,4637,0,15308.712,1439323774
 China,2020-05-01,83956,12,4637,0,15308.712,1439323774
China,2020-05-02,83959,3,4637,0,15308.712,1439323774
China,2020-05-03,83961,2,4637,0,15308.712,1439323774
China,2020-05-04,83964,3,4637,0,15308.712,1439323774
China,2020-05-05,83966,2,4637,0,15308.712,1439323774
China,2020-05-06,83968,2,4637,0,15308.712,1439323774
China,2020-05-07,83970,2,4637,0,15308.712,1439323774
China,2020-05-08,83976,6,4637,0,15308.712,1439323774
China,2020-05-09,83976,0,4637,0,15308.712,1439323774
China,2020-05-10,83991,15,4637,0,15308.712,1439323774
China,2020-05-11,84010,19,4637,0,15308.712,1439323774
China,2020-05-12,84011,1,4637,0,15308.712,1439323774
China,2020-05-13,84018,7,4637,0,15308.712,1439323774
China,2020-05-14,84024,6,4637,0,15308.712,1439323774
China,2020-05-15,84029,5,4637,0,15308.712,1439323774
China,2020-05-16,84038,9,4637,0,15308.712,1439323774
China,2020-05-17,84044,6,4638,1,15308.712,1439323774
China,2020-05-18,84054,10,4638,0,15308.712,1439323774
China,2020-05-19,84063,9,4638,0,15308.712,1439323774
China,2020-05-20,84065,2,4638,0,15308.712,1439323774
China,2020-05-21,84067,2,4638,0,15308.712,1439323774
China,2020-05-22,84079,12,4638,0,15308.712,1439323774
China,2020-23-05,84081,2,4638,0,15308.712,1439323774
China,2020-05-24,84084,3,4638,0,15308.712,1439323774
China,2020-05-25,84095,11,4638,0,15308.712,1439323774
China,2020-05-26,84102,7,4638,0,15308.712,1439323774
China,2020-05-27,84103,1,4638,0,15308.712,1439323774
China,2020-05-28,84106,3,4638,0,15308.712,1439323774
China,2020-05-29,84106,0,4638,0,15308.712,1439323774
China,2020-30-05,84123,17,4638,0,15308.712,1439323774
China,2020-05-31,84128,5,4638,0,15308.712,1439323774
China,2020-06-01,84147,19,4638,0,15308.712,1439323774
China,2020-06-02,84154,7,4638,0,15308.712,1439323774
China,2020-06-03,84159,5,4638,0,15308.712,1439323774
China,2020-06-04,84160,1,4638,0,15308.712,1439323774
China,2020-06-05,84171,11,4638,0,15308.712,1439323774
China,2020-06-06,84177,6,4638,0,15308.712,1439323774
China,2020-06-07,84186,9,4638,0,15308.712,1439323774
 China,2020-06-08,84191,5,4638,0,15308.712,1439323774
China,2020-06-09,84194,3,4638,0,15308.712,1439323774
China,2020-06-10,84198,4,4638,0,15308.712,1439323774
China,2020-06-11,84209,11,4638,0,15308.712,1439323774
China,2020-06-12,84216,7,4638,0,15308.712,1439323774
China,2020-06-13,84228,12,4638,0,15308.712,1439323774
China,2020-06-14,84288,60,4638,0,15308.712,1439323774
China,2020-15-06,84335,47,4638,0,15308.712,1439323774
China,2020-06-16,84378,43,4638,0,15308.712,1439323774
China,2020-17-06,84422,44,4638,0,15308.712,1439323774
China,2020-18-06,84458,36,4638,0,15308.712,1439323774
China,2020-06-19,84494,36,4638,0,15308.712,1439323774
China,2020-06-20,84524,30,4638,0,15308.712,1439323774
China,2020-06-21,84553,29,4639,1,15308.712,1439323774
China,2020-06-22,84572,19,4639,0,15308.712,1439323774
China,2020-23-06,84624,52,4639,0,15308.712,1439323774
China,2020-06-24,84653,29,4640,1,15308.712,1439323774
China,2020-25-06,84673,20,4640,0,15308.712,1439323774
China,2020-06-26,84701,28,4641,1,15308.712,1439323774
China,2020-06-27,84725,24,4641,0,15308.712,1439323774
China,2020-06-28,84743,18,4641,0,15308.712,1439323774
China,2020-06-29,84757,14,4641,0,15308.712,1439323774
China,2020-06-30,84780,23,4641,0,15308.712,1439323774
China,2020-07-01,84785,5,4641,0,15308.712,1439323774
China,2020-07-02,84816,31,4641,0,15308.712,1439323774
China,2020-07-03,84830,14,4641,0,15308.712,1439323774
China,2020-07-04,84839,9,4641,0,15308.712,1439323774
China,2020-07-05,84857,18,4641,0,15308.712,1439323774
China,2020-07-06,84871,14,4641,0,15308.712,1439323774
China,2020-07-07,84896,25,4641,0,15308.712,1439323774
China,2020-07-08,84917,21,4641,0,15308.712,1439323774
China,2020-07-09,84950,33,4641,0,15308.712,1439323774
China,2020-07-10,84996,46,4641,0,15308.712,1439323774
China,2020-07-11,85036,40,4641,0,15308.712,1439323774
China,2020-07-12,85071,35,4641,0,15308.712,1439323774
China,2020-13-07,85117,46,4641,0,15308.712,1439323774
China,2020-14-07,85172,55,4642,1,15308.712,1439323774
France,2019-12-31,0,0,0,0,38605.671,65273512
France,2020-01-01,0,0,0,0,38605.671,65273512
France,2020-01-02,0,0,0,0,38605.671,65273512
France,2020-01-03,0,0,0,0,38605.671,65273512
France,2020-01-04,0,0,0,0,38605.671,65273512
France,2020-01-05,0,0,0,0,38605.671,65273512
France,2020-01-06,0,0,0,0,38605.671,65273512
France,2020-01-07,0,0,0,0,38605.671,65273512
France,2020-01-08,0,0,0,0,38605.671,65273512
France,2020-01-09,0,0,0,0,38605.671,65273512
France,2020-01-10,0,0,0,0,38605.671,65273512
France,2020-01-11,0,0,0,0,38605.671,65273512
France,2020-01-12,0,0,0,0,38605.671,65273512
France,2020-01-13,0,0,0,0,38605.671,65273512
France,2020-01-14,0,0,0,0,38605.671,65273512
France,2020-01-15,0,0,0,0,38605.671,65273512
France,2020-01-16,0,0,0,0,38605.671,65273512
France,2020-01-17,0,0,0,0,38605.671,65273512
France,2020-01-18,0,0,0,0,38605.671,65273512
France,2020-01-19,0,0,0,0,38605.671,65273512
France,2020-01-20,0,0,0,0,38605.671,65273512
France,2020-01-21,0,0,0,0,38605.671,65273512
France,2020-01-22,0,0,0,0,38605.671,65273512
France,2020-23-01,0,0,0,0,38605.671,65273512
France,2020-01-24,0,0,0,0,38605.671,65273512
France,2020-01-25,3,3,0,0,38605.671,65273512
France,2020-26-01,3,0,0,0,38605.671,65273512
France,2020-01-27,3,0,0,0,38605.671,65273512
France,2020-01-28,3,0,0,0,38605.671,65273512
France,2020-01-29,4,1,0,0,38605.671,65273512
France,2020-30-01,5,1,0,0,38605.671,65273512
France,2020-01-31,6,1,0,0,38605.671,65273512
France,2020-02-01,6,0,0,0,38605.671,65273512
France,2020-02-02,6,0,0,0,38605.671,65273512
France,2020-02-03,6,0,0,0,38605.671,65273512
France,2020-02-04,6,0,0,0,38605.671,65273512
France,2020-02-05,6,0,0,0,38605.671,65273512
France,2020-02-06,6,0,0,0,38605.671,65273512
France,2020-02-07,6,0,0,0,38605.671,65273512
France,2020-02-08,11,5,0,0,38605.671,65273512
France,2020-02-09,11,0,0,0,38605.671,65273512
France,2020-02-10,11,0,0,0,38605.671,65273512
France,2020-02-11,11,0,0,0,38605.671,65273512
France,2020-02-12,11,0,0,0,38605.671,65273512
France,2020-02-13,11,0,0,0,38605.671,65273512
France,2020-02-14,11,0,0,0,38605.671,65273512
France,2020-02-15,11,0,1,1,38605.671,65273512
France,2020-02-16,11,0,1,0,38605.671,65273512
France,2020-17-02,12,1,1,0,38605.671,65273512
France,2020-02-18,12,0,1,0,38605.671,65273512
France,2020-02-19,12,0,1,0,38605.671,65273512
France,2020-02-20,12,0,1,0,38605.671,65273512
France,2020-21-02,12,0,1,0,38605.671,65273512
France,2020-02-22,12,0,1,0,38605.671,65273512
France,2020-02-23,12,0,1,0,38605.671,65273512
France,2020-02-24,12,0,1,0,38605.671,65273512
France,2020-25-02,12,0,1,0,38605.671,65273512
France,2020-02-26,14,2,1,0,38605.671,65273512
France,2020-02-27,17,3,2,1,38605.671,65273512
France,2020-02-28,38,21,2,0,38605.671,65273512
France,2020-29-02,57,19,2,0,38605.671,65273512
France,2020-03-01,100,43,2,0,38605.671,65273512
France,2020-03-02,130,30,2,0,38605.671,65273512
France,2020-03-03,178,48,3,1,38605.671,65273512
France,2020-03-04,212,34,4,1,38605.671,65273512
France,2020-03-05,285,73,4,0,38605.671,65273512
France,2020-03-06,423,138,7,3,38605.671,65273512
France,2020-03-07,613,190,9,2,38605.671,65273512
France,2020-03-08,716,103,10,1,38605.671,65273512
France,2020-03-09,1126,410,19,9,38605.671,65273512
France,2020-03-10,1412,286,30,11,38605.671,65273512
France,2020-03-11,1784,372,33,3,38605.671,65273512
France,2020-03-12,2281,497,48,15,38605.671,65273512
France,2020-03-13,2876,595,61,13,38605.671,65273512
France,2020-03-14,3661,785,79,18,38605.671,65273512
France,2020-03-15,4499,838,91,12,38605.671,65273512
France,2020-03-16,5423,924,127,36,38605.671,65273512
France,2020-03-17,6633,1210,148,21,38605.671,65273512
France,2020-03-18,7730,1097,175,27,38605.671,65273512
France,2020-03-19,9134,1404,244,69,38605.671,65273512
France,2020-20-03,10995,1861,372,128,38605.671,65273512
France,2020-03-21,12612,1617,450,78,38605.671,65273512
France,2020-03-22,14459,1847,562,112,38605.671,65273512
France,2020-03-23,16018,1559,674,112,38605.671,65273512
France,2020-24-03,19856,3838,860,186,38605.671,65273512
France,2020-03-25,22302,2446,1100,240,38605.671,65273512
France,2020-03-26,25233,2931,1331,231,38605.671,65273512
France,2020-03-27,29155,3922,1696,365,38605.671,65273512
France,2020-03-28,32964,3809,1995,299,38605.671,65273512
France,2020-03-29,37575,4611,2314,319,38605.671,65273512
France,2020-03-30,40174,2599,2606,292,38605.671,65273512
France,2020-31-03,44550,4376,3024,418,38605.671,65273512
France,2020-04-01,52128,7578,3523,499,38605.671,65273512
France,2020-04-02,56989,4861,4032,509,38605.671,65273512
France,2020-04-03,59105,2116,4503,471,38605.671,65273512
France,2020-04-04,64338,5233,6507,2004,38605.671,65273512
France,2020-04-05,68605,4267,7560,1053,38605.671,65273512
France,2020-04-06,70478,1873,8078,518,38605.671,65273512
France,2020-04-07,74390,3912,8911,833,38605.671,65273512
France,2020-04-08,78167,3777,10328,1417,38605.671,65273512
France,2020-04-09,82048,3881,10869,541,38605.671,65273512
France,2020-04-10,86334,4286,12210,1341,38605.671,65273512
France,2020-04-11,90676,4342,13197,987,38605.671,65273512
France,2020-04-12,93790,3114,13832,635,38605.671,65273512
France,2020-04-13,95403,1613,14393,561,38605.671,65273512
France,2020-04-14,98076,2673,14967,574,38605.671,65273512
France,2020-04-15,103573,5497,15729,,38605.671,65273512
France,2020-04-16,106206,2633,17167,1438,38605.671,65273512
France,2020-04-17,108847,2641,17920,753,38605.671,65273512
France,2020-04-18,109252,405,18681,761,38605.671,65273512
France,2020-04-19,111821,2569,19323,642,38605.671,65273512
France,2020-04-20,112606,785,19718,395,38605.671,65273512
France,2020-21-04,114657,2051,20265,547,38605.671,65273512
France,2020-04-22,117324,2667,20796,531,38605.671,65273512
France,2020-04-23,119151,1827,21340,544,38605.671,65273512
France,2020-24-04,120804,1653,21856,516,38605.671,65273512
France,2020-04-25,122577,1773,22245,389,38605.671,65273512
France,2020-04-26,124114,1537,22614,369,38605.671,65273512
France,2020-04-27,124575,461,22856,242,38605.671,65273512
France,2020-04-28,125770,1195,23293,437,38605.671,65273512
France,2020-04-29,126835,1065,23660,367,38605.671,65273512
France,2020-30-04,128442,1607,24087,427,38605.671,65273512
France,2020-05-01,129581,1139,24376,289,38605.671,65273512
France,2020-05-02,130185,604,24594,218,38605.671,65273512
France,2020-05-03,130979,794,24760,166,38605.671,65273512
France,2020-05-04,131287,308,24895,135,38605.671,65273512
France,2020-05-05,131863,576,25201,306,38605.671,65273512
France,2020-05-06,132967,1104,25531,330,38605.671,65273512
France,2020-05-07,137150,4183,25809,278,38605.671,65273512
France,2020-05-08,137779,629,25987,178,38605.671,65273512
France,2020-05-09,138421,642,26230,243,38605.671,65273512
France,2020-05-10,138854,433,26310,80,38605.671,65273512
France,2020-05-11,139063,209,26380,70,38605.671,65273512
France,2020-05-12,139519,456,26643,263,38605.671,65273512
France,2020-13-05,140227,708,26991,348,38605.671,65273512
France,2020-05-14,140734,507,27074,83,38605.671,65273512
France,2020-05-15,141356,622,27425,351,38605.671,65273512
France,2020-05-16,141919,563,27555,130,38605.671,65273512
France,2020-05-17,142291,372,27643,88,38605.671,65273512
France,2020-05-18,142411,120,27711,68,38605.671,65273512
France,2020-19-05,142903,492,27897,186,38605.671,65273512
France,2020-05-20,143427,524,28022,125,38605.671,65273512
France,2020-05-21,143845,418,28132,110,38605.671,65273512
France,2020-05-22,144163,318,28215,83,38605.671,65273512
France,2020-23-05,144566,403,28289,74,38605.671,65273512
France,2020-24-05,144806,240,28332,43,38605.671,65273512
France,2020-05-25,144921,115,28367,35,38605.671,65273512
France,2020-05-26,145279,358,28432,65,38605.671,65273512
France,2020-05-27,145555,276,28530,98,38605.671,65273512
France,2020-05-28,145746,191,28596,66,38605.671,65273512
France,2020-05-29,149071,3325,28662,66,38605.671,65273512
France,2020-05-30,149668,597,28714,52,38605.671,65273512
France,2020-05-31,151496,1828,28771,57,38605.671,65273512
France,2020-06-01,151753,257,28802,31,38605.671,65273512
France,2020-06-02,152091,338,28833,31,38605.671,65273512
France,2020-06-03,151325,-766,28940,107,38605.671,65273512
France,2020-06-04,151677,352,29021,81,38605.671,65273512
France,2020-06-05,152444,767,29065,44,38605.671,65273512
France,2020-06-06,153055,611,29111,46,38605.671,65273512
France,2020-06-07,153634,579,29142,31,38605.671,65273512
France,2020-06-08,153977,343,29155,13,38605.671,65273512
France,2020-06-09,154188,211,29209,54,38605.671,65273512
France,2020-06-10,154591,403,29296,87,38605.671,65273512
France,2020-06-11,155136,545,29319,23,38605.671,65273512
France,2020-06-12,155561,425,29346,27,38605.671,65273512
France,2020-06-13,156287,726,29374,28,38605.671,65273512
France,2020-06-14,156813,526,29398,24,38605.671,65273512
France,2020-06-15,157220,407,29407,9,38605.671,65273512
France,2020-16-06,157372,152,29436,29,38605.671,65273512
France,2020-06-17,157716,344,29547,111,38605.671,65273512
France,2020-18-06,158174,458,29575,28,38605.671,65273512
France,2020-06-19,158641,467,29603,28,38605.671,65273512
France,2020-06-20,159452,811,29617,14,38605.671,65273512
France,2020-21-06,160093,641,29633,16,38605.671,65273512
France,2020-06-22,160377,284,29640,7,38605.671,65273512
France,2020-06-23,160750,373,29663,23,38605.671,65273512
France,2020-06-24,161267,517,29720,57,38605.671,65273512
France,2020-06-25,161348,81,29731,11,38605.671,65273512
France,2020-06-26,161348,0,29752,21,38605.671,65273512
France,2020-06-27,162936,1588,29778,26,38605.671,65273512
France,2020-06-28,162936,0,29778,0,38605.671,65273512
France,2020-06-29,162936,0,29778,0,38605.671,65273512
France,2020-30-06,164260,1324,29813,35,38605.671,65273512
France,2020-07-01,164801,541,29843,30,38605.671,65273512
France,2020-07-02,165719,918,29861,18,38605.671,65273512
France,2020-07-03,166378,659,29875,14,38605.671,65273512
France,2020-07-04,166960,582,29893,18,38605.671,65273512
France,2020-07-05,166960,0,29893,0,38605.671,65273512
France,2020-07-06,166960,0,29893,0,38605.671,65273512
France,2020-07-07,168335,1375,29920,27,38605.671,65273512
France,2020-07-08,168810,475,29933,13,38605.671,65273512
France,2020-07-09,169473,663,29965,32,38605.671,65273512
France,2020-07-10,170094,621,29979,14,38605.671,65273512
France,2020-07-11,170752,658,30004,25,38605.671,65273512
France,2020-07-12,170752,0,30004,0,38605.671,65273512
France,2020-07-13,170752,0,30004,0,38605.671,65273512
France,2020-07-14,172377,1625,30029,25,38605.671,65273512
Iran,2019-12-31,0,0,0,0,19082.62,83992953
Iran,2020-01-01,0,0,0,0,19082.62,83992953
Iran,2020-01-02,0,0,0,0,19082.62,83992953
Iran,2020-01-03,0,0,0,0,19082.62,83992953
iran,2020-01-04,0,0,0,0,19082.62,83992953
Iran,2020-01-05,0,0,0,0,19082.62,83992953
Iran,2020-01-06,0,0,0,0,19082.62,83992953
Iran,2020-01-07,0,0,0,0,19082.62,83992953
Iran,2020-01-08,0,0,0,0,19082.62,83992953
Iran,2020-01-09,0,0,0,0,19082.62,83992953
Iran,2020-01-10,0,0,0,0,19082.62,83992953
Iran,2020-01-11,0,0,0,0,19082.62,83992953
Iran,2020-01-12,0,0,0,0,19082.62,83992953
Iran,2020-13-01,0,0,0,0,19082.62,83992953
Iran,2020-01-14,0,0,0,0,19082.62,83992953
Iran,2020-01-15,0,0,0,0,19082.62,83992953
Iran,2020-16-01,0,0,0,0,19082.62,83992953
Iran,2020-01-17,0,0,0,0,19082.62,83992953
Iran,2020-18-01,0,0,0,0,19082.62,83992953
Iran,2020-01-19,0,0,0,0,19082.62,83992953
Iran,2020-01-20,0,0,0,0,19082.62,83992953
Iran,2020-21-01,0,0,0,0,19082.62,83992953
Iran,2020-01-22,0,0,0,0,19082.62,83992953
Iran,2020-01-23,0,0,0,0,19082.62,83992953
Iran,2020-01-24,0,0,0,0,19082.62,83992953
Iran,2020-01-25,0,0,0,0,19082.62,83992953
Iran,2020-26-01,0,0,0,0,19082.62,83992953
Iran,2020-01-27,0,0,0,0,19082.62,83992953
Iran,2020-01-28,0,0,0,0,19082.62,83992953
Iran,2020-01-29,0,0,0,0,19082.62,83992953
iran,2020-01-30,0,0,0,0,19082.62,83992953
Iran,2020-31-01,0,0,0,0,19082.62,83992953
Iran,2020-02-01,0,0,0,0,19082.62,83992953
Iran,2020-02-02,0,0,0,0,19082.62,83992953
Iran,2020-02-03,0,0,0,0,19082.62,83992953
Iran,2020-02-04,0,0,0,0,19082.62,83992953
iran,2020-02-05,0,0,0,0,19082.62,83992953
Iran,2020-02-06,0,0,0,0,19082.62,83992953
Iran,2020-02-07,0,0,0,0,19082.62,83992953
Iran,2020-02-08,0,0,0,0,19082.62,83992953
Iran,2020-02-09,0,0,0,0,19082.62,83992953
Iran,2020-02-10,0,0,0,0,19082.62,83992953
iran,2020-02-11,0,0,0,0,19082.62,83992953
Iran,2020-02-12,0,0,0,0,19082.62,83992953
Iran,2020-13-02,0,0,0,0,19082.62,83992953
Iran,2020-02-14,0,0,0,0,19082.62,83992953
Iran,2020-02-15,0,0,0,0,19082.62,83992953
Iran,2020-16-02,0,0,0,0,19082.62,83992953
Iran,2020-17-02,0,0,0,0,19082.62,83992953
Iran,2020-02-18,0,0,0,0,19082.62,83992953
Iran,2020-02-19,0,0,0,0,19082.62,83992953
Iran,2020-02-20,2,2,2,2,19082.62,83992953
Iran,2020-02-21,5,3,2,0,19082.62,83992953
Iran,2020-02-22,18,13,4,2,19082.62,83992953
Iran,2020-02-23,28,10,5,1,19082.62,83992953
Iran,2020-02-24,43,15,8,3,19082.62,83992953
Iran,2020-25-02,61,18,12,4,19082.62,83992953
iran,2020-26-02,95,34,15,3,19082.62,83992953
Iran,2020-02-27,139,44,19,4,19082.62,83992953
Iran,2020-02-28,245,106,,7,19082.62,83992953
Iran,2020-02-29,388,143,34,8,19082.62,83992953
Iran,2020-03-01,593,205,43,9,19082.62,83992953
Iran,2020-03-02,978,385,54,11,19082.62,83992953
Iran,2020-03-03,1501,523,66,12,19082.62,83992953
Iran,2020-03-04,2336,835,77,11,19082.62,83992953
Iran,2020-03-05,2922,586,92,15,19082.62,83992953
Iran,2020-03-06,3513,591,107,15,19082.62,83992953
Iran,2020-03-07,4747,1234,124,17,19082.62,83992953
Iran,2020-03-08,5823,1076,145,21,19082.62,83992953
Iran,2020-03-09,6566,743,194,49,19082.62,83992953
Iran,2020-03-10,7161,595,237,43,19082.62,83992953
Iran,2020-03-11,8042,881,291,54,19082.62,83992953
Iran,2020-03-12,9000,958,354,63,19082.62,83992953
Iran,2020-03-13,10075,1075,429,75,19082.62,83992953
Iran,2020-03-14,11364,1289,514,85,19082.62,83992953
Iran,2020-03-15,12729,1365,611,97,19082.62,83992953
Iran,2020-16-03,13938,1209,724,113,19082.62,83992953
iran,2020-03-17,14991,1053,853,129,19082.62,83992953
Iran,2020-03-18,16169,1178,988,135,19082.62,83992953
Iran,2020-19-03,17361,1192,1135,147,19082.62,83992953
Iran,2020-03-20,18407,1046,1284,149,19082.62,83992953
Iran,2020-03-21,19644,1237,1433,149,19082.62,83992953
Iran,2020-03-22,20610,966,1556,123,19082.62,83992953
Iran,2020-23-03,21638,1028,1685,129,19082.62,83992953
Iran,2020-03-24,23049,1411,1812,127,19082.62,83992953
Iran,2020-03-25,24811,1762,1934,122,19082.62,83992953
Iran,2020-03-26,27017,2206,2077,143,19082.62,83992953
Iran,2020-03-27,29406,2389,2234,157,19082.62,83992953
Iran,2020-28-03,32332,2926,2378,144,19082.62,83992953
Iran,2020-03-29,35408,3076,,139,19082.62,83992953
Iran,2020-03-30,38309,2901,2640,123,19082.62,83992953
Iran,2020-03-31,41495,3186,2757,117,19082.62,83992953
Iran,2020-04-01,44606,3111,2898,141,19082.62,83992953
Iran,2020-04-02,47593,2987,3036,138,19082.62,83992953
Iran,2020-04-03,50468,2875,3160,124,19082.62,83992953
Iran,2020-04-04,50468,0,3160,0,19082.62,83992953
Iran,2020-04-05,55743,5275,3452,292,19082.62,83992953
Iran,2020-04-06,58226,2483,3603,151,19082.62,83992953
Iran,2020-04-07,60500,2274,3739,136,19082.62,83992953
Iran,2020-04-08,62589,2089,3872,133,19082.62,83992953
Iran,2020-04-09,64586,1997,3993,121,19082.62,83992953
Iran,2020-04-10,66220,1634,4110,117,19082.62,83992953
Iran,2020-04-11,68192,1972,4232,122,19082.62,83992953
Iran,2020-04-12,70029,1837,4357,125,19082.62,83992953
iran,2020-04-13,71686,1657,4474,117,19082.62,83992953
Iran,2020-04-14,73303,1617,4585,111,19082.62,83992953
Iran,2020-04-15,74877,1574,4683,98,19082.62,83992953
Iran,2020-04-16,76389,1512,4777,94,19082.62,83992953
Iran,2020-17-04,77995,1606,4869,92,19082.62,83992953
Iran,2020-04-18,79494,1499,4958,,19082.62,83992953
Iran,2020-04-19,80868,1374,5031,73,19082.62,83992953
Iran,2020-04-20,82211,1343,5118,87,19082.62,83992953
Iran,2020-21-04,83505,1294,5209,91,19082.62,83992953
Iran,2020-04-22,84802,1297,5297,88,19082.62,83992953
Iran,2020-04-23,85996,1194,5391,94,19082.62,83992953
Iran,2020-04-24,87026,1030,5481,90,19082.62,83992953
Iran,2020-04-25,88194,1168,5574,93,19082.62,83992953
Iran,2020-04-26,89328,1134,5650,76,19082.62,83992953
Iran,2020-27-04,90481,1153,5710,60,19082.62,83992953
Iran,2020-04-28,91472,991,5806,96,19082.62,83992953
Iran,2020-04-29,92584,1112,5877,71,19082.62,83992953
Iran,2020-04-30,93657,1073,5957,80,19082.62,83992953
Iran,2020-05-01,94640,983,6028,71,19082.62,83992953
Iran,2020-05-02,95646,1006,6091,63,19082.62,83992953
iran,2020-05-03,96448,802,6156,65,19082.62,83992953
Iran,2020-05-04,97424,976,6203,47,19082.62,83992953
Iran,2020-05-05,98647,1223,6277,74,19082.62,83992953
Iran,2020-05-06,99970,1323,6340,63,19082.62,83992953
Iran,2020-05-07,101650,1680,6418,78,19082.62,83992953
Iran,2020-05-08,103135,1485,6486,68,19082.62,83992953
Iran,2020-05-09,104691,1556,6541,55,19082.62,83992953
Iran,2020-05-10,106220,1529,6589,48,19082.62,83992953
Iran,2020-05-11,107603,1383,6640,51,19082.62,83992953
Iran,2020-05-12,109286,1683,6685,45,19082.62,83992953
Iran,2020-13-05,110767,1481,6733,48,19082.62,83992953
Iran,2020-05-14,112725,1958,6783,50,19082.62,83992953
Iran,2020-05-15,114533,1808,6854,71,19082.62,83992953
iran,2020-05-16,116635,2102,6902,48,19082.62,83992953
Iran,2020-05-17,118392,1757,6937,35,19082.62,83992953
Iran,2020-18-05,120198,1806,6988,51,19082.62,83992953
Iran,2020-05-19,122492,2294,7057,69,19082.62,83992953
Iran,2020-05-20,124603,2111,7119,62,19082.62,83992953
Iran,2020-05-21,126949,2346,7183,64,19082.62,83992953
Iran,2020-05-22,129341,2392,7249,66,19082.62,83992953
Iran,2020-23-05,131652,2311,7300,51,19082.62,83992953
Iran,2020-05-24,133521,1869,7359,59,19082.62,83992953
Iran,2020-05-25,135701,2180,7417,58,19082.62,83992953
Iran,2020-05-26,137724,2023,7451,34,19082.62,83992953
Iran,2020-05-27,139511,1787,7508,57,19082.62,83992953
Iran,2020-05-28,141591,2080,7564,56,19082.62,83992953
Iran,2020-05-29,143849,2258,7627,63,19082.62,83992953
Iran,2020-30-05,146668,2819,7677,50,19082.62,83992953
Iran,2020-05-31,148950,2282,7734,57,19082.62,83992953
Iran,2020-06-01,151466,2516,7797,63,19082.62,83992953
Iran,2020-06-02,154445,2979,7878,81,19082.62,83992953
Iran,2020-06-03,157562,3117,7942,64,19082.62,83992953
Iran,2020-06-04,160696,3134,8012,70,19082.62,83992953
Iran,2020-06-05,164270,3574,8071,59,19082.62,83992953
iran,2020-06-06,167156,2886,8134,63,19082.62,83992953
Iran,2020-06-07,169425,2269,8209,75,19082.62,83992953
iran,2020-06-08,171789,2364,8281,72,19082.62,83992953
Iran,2020-06-09,173832,2043,8351,70,19082.62,83992953
iran,2020-06-10,175927,2095,8425,74,19082.62,83992953
Iran,2020-06-11,177938,2011,8506,81,19082.62,83992953
Iran,2020-06-12,180176,2238,8584,78,19082.62,83992953
Iran,2020-06-13,182545,2369,8659,75,19082.62,83992953
Iran,2020-06-14,184955,2410,8730,71,19082.62,83992953
Iran,2020-15-06,187427,2472,8837,107,19082.62,83992953
Iran,2020-16-06,189876,2449,8950,113,19082.62,83992953
Iran,2020-17-06,192439,2563,9065,115,19082.62,83992953
Iran,2020-06-18,195051,2612,9185,120,19082.62,83992953
Iran,2020-19-06,197647,2596,9272,87,19082.62,83992953
Iran,2020-20-06,200262,2615,9392,120,19082.62,83992953
Iran,2020-06-21,202584,2322,9507,115,19082.62,83992953
Iran,2020-22-06,204952,2368,9623,116,19082.62,83992953
Iran,2020-06-23,207525,2573,9742,119,19082.62,83992953
Iran,2020-24-06,209970,2445,9863,121,19082.62,83992953
Iran,2020-06-25,212501,2531,9996,133,19082.62,83992953
Iran,2020-26-06,215096,2595,10130,134,19082.62,83992953
Iran,2020-27-06,217724,2628,10130,0,19082.62,83992953
Iran,2020-06-28,220180,2456,10364,234,19082.62,83992953
Iran,2020-29-06,222669,2489,10508,144,19082.62,83992953
Iran,2020-06-30,225205,2536,10670,162,19082.62,83992953
Iran,2020-07-01,227662,2457,10817,147,19082.62,83992953
Iran,2020-07-02,230211,2549,10958,141,19082.62,83992953
Iran,2020-07-03,232863,2652,11106,148,19082.62,83992953
Iran,2020-07-04,235429,2566,11260,154,19082.62,83992953
Iran,2020-07-05,237878,2449,11408,148,19082.62,83992953
Iran,2020-07-06,240438,2560,11571,163,19082.62,83992953
Iran,2020-07-07,243051,2613,11731,160,19082.62,83992953
Iran,2020-07-08,245688,2637,11931,200,19082.62,83992953
Iran,2020-07-09,248379,2691,12084,153,19082.62,83992953
Iran,2020-07-10,250458,2079,12305,221,19082.62,83992953
Iran,2020-07-11,252720,2262,12447,142,19082.62,83992953
Iran,2020-07-12,255117,2397,12635,188,19082.62,83992953
Iran,2020-13-07,257303,2186,12829,194,19082.62,83992953
Iran,2020-07-14,259652,2349,13032,203,19082.62,83992953
Italy,2019-12-31,0,0,0,0,35220.084,60461828
Italy,2020-01-01,0,0,0,0,35220.084,60461828
Italy,2020-01-02,0,0,0,0,35220.084,60461828
Italy,2020-01-03,0,0,0,0,35220.084,60461828
Itly,2020-01-04,0,0,0,0,35220.084,60461828
Italy,2020-01-05,0,0,0,0,35220.084,60461828
Italy,2020-01-06,0,0,0,0,35220.084,60461828
Italy,2020-01-07,0,0,0,0,35220.084,60461828
Italy,2020-01-08,0,0,0,0,35220.084,60461828
Italy,2020-01-09,0,0,0,0,35220.084,60461828
Italy,2020-01-10,0,0,0,0,35220.084,60461828
Italy,2020-01-11,0,0,0,0,35220.084,60461828
Italy,2020-01-12,0,0,0,0,35220.084,60461828
Italy,2020-01-13,0,0,0,0,35220.084,60461828
Italy,2020-01-14,0,0,0,0,35220.084,60461828
Italy,2020-01-15,0,0,0,0,35220.084,60461828
Italy,2020-16-01,0,0,0,0,35220.084,60461828
Italy,2020-17-01,0,0,0,0,35220.084,60461828
Italy,2020-01-18,0,0,0,0,35220.084,60461828
Italy,2020-01-19,0,0,0,0,35220.084,60461828
Italy,2020-20-01,0,0,0,0,35220.084,60461828
Italy,2020-01-21,0,0,0,0,35220.084,60461828
Italy,2020-01-22,0,0,0,0,35220.084,60461828
Italy,2020-01-23,0,0,0,0,35220.084,60461828
Italy,2020-01-24,0,0,0,0,35220.084,60461828
Italy,2020-01-25,0,0,0,0,35220.084,60461828
Italy,2020-26-01,0,0,0,0,35220.084,60461828
Italy,2020-01-27,0,0,0,0,35220.084,60461828
Italy,2020-28-01,0,0,0,0,35220.084,60461828
Italy,2020-29-01,0,0,0,0,35220.084,60461828
Italy,2020-01-30,0,0,0,0,35220.084,60461828
Italy,2020-01-31,3,3,0,0,35220.084,60461828
Italy,2020-02-01,3,0,0,0,35220.084,60461828
Italy,2020-02-02,3,0,0,0,35220.084,60461828
Italy,2020-02-03,3,0,0,0,35220.084,60461828
Italy,2020-02-04,3,0,0,0,35220.084,60461828
Italy,2020-02-05,3,0,0,0,35220.084,60461828
Italy,2020-02-06,3,0,0,0,35220.084,60461828
Italy,2020-02-07,3,0,0,0,35220.084,60461828
Italy,2020-02-08,3,0,0,0,35220.084,60461828
Italy,2020-02-09,3,0,0,0,35220.084,60461828
Itly,2020-02-10,3,0,0,0,35220.084,60461828
Italy,2020-02-11,3,0,0,0,35220.084,60461828
Italy,2020-02-12,3,0,0,0,35220.084,60461828
Italy,2020-02-13,3,0,0,0,35220.084,60461828
Italy,2020-02-14,3,0,0,0,35220.084,60461828
Italy,2020-02-15,3,0,0,0,35220.084,60461828
Italy,2020-02-16,3,0,0,0,35220.084,60461828
Italy,2020-02-17,3,0,0,0,35220.084,60461828
Italy,2020-02-18,3,0,0,0,35220.084,60461828
Italy,2020-19-02,3,0,0,0,35220.084,60461828
Italy,2020-02-20,3,0,0,0,35220.084,60461828
Italy,2020-02-21,3,0,0,0,35220.084,60461828
Italy,2020-22-02,17,14,0,0,35220.084,60461828
Italy,2020-02-23,79,62,2,2,35220.084,60461828
Italy,2020-02-24,132,53,2,0,35220.084,60461828
Italy,2020-25-02,229,97,6,4,35220.084,60461828
Italy,2020-02-26,322,93,11,5,35220.084,60461828
Italy,2020-02-27,400,78,12,1,35220.084,60461828
Itly,2020-02-28,650,250,17,5,35220.084,60461828
Italy,2020-02-29,888,238,21,4,35220.084,60461828
Italy,2020-03-01,1128,240,29,8,35220.084,60461828
Italy,2020-03-02,1689,561,,6,35220.084,60461828
Italy,2020-03-03,2036,347,52,17,35220.084,60461828
Italy,2020-03-04,2502,466,80,28,35220.084,60461828
Italy,2020-03-05,3089,587,107,27,35220.084,60461828
Italy,2020-03-06,3858,769,148,41,35220.084,60461828
Italy,2020-03-07,4636,778,197,49,35220.084,60461828
Italy,2020-03-08,5883,1247,233,36,35220.084,60461828
Italy,2020-03-09,7375,1492,366,133,35220.084,60461828
Italy,2020-03-10,9172,1797,464,98,35220.084,60461828
Italy,2020-03-11,10149,977,631,167,35220.084,60461828
Italy,2020-03-12,12462,2313,827,196,35220.084,60461828
Italy,2020-03-13,15113,2651,1016,189,35220.084,60461828
Italy,2020-03-14,17660,2547,1268,252,35220.084,60461828
Italy,2020-03-15,21157,3497,1441,173,35220.084,60461828
Italy,2020-03-16,23980,2823,1811,370,35220.084,60461828
Italy,2020-03-17,27980,4000,2158,347,35220.084,60461828
Italy,2020-03-18,31506,3526,2505,347,35220.084,60461828
Italy,2020-03-19,35713,4207,2978,473,35220.084,60461828
Italy,2020-20-03,41035,5322,3407,429,35220.084,60461828
Italy,2020-03-21,47021,5986,4032,625,35220.084,60461828
Italy,2020-03-22,53578,6557,4827,795,35220.084,60461828
Italy,2020-03-23,59138,5560,5476,649,35220.084,60461828
Italy,2020-03-24,63927,4789,6077,601,35220.084,60461828
Italy,2020-03-25,69176,5249,6820,743,35220.084,60461828
Italy,2020-03-26,74386,5210,7505,685,35220.084,60461828
Italy,2020-27-03,80539,6153,8165,660,35220.084,60461828
Italy,2020-03-28,86498,5959,9136,971,35220.084,60461828
Italy,2020-03-29,92472,5974,10023,887,35220.084,60461828
Italy,2020-03-30,97689,5217,10781,758,35220.084,60461828
Italy,2020-03-31,101739,4050,11591,810,35220.084,60461828
Italy,2020-04-01,105792,4053,12430,839,35220.084,60461828
Italy,2020-04-02,110574,4782,13157,727,35220.084,60461828
Italy,2020-04-03,115242,4668,13917,760,35220.084,60461828
Itly,2020-04-04,119827,4585,14681,764,35220.084,60461828
Italy,2020-04-05,124632,4805,15362,681,35220.084,60461828
Italy,2020-04-06,128948,4316,15889,527,35220.084,60461828
Italy,2020-04-07,132547,3599,16525,636,35220.084,60461828
Italy,2020-04-08,135586,3039,17129,604,35220.084,60461828
Italy,2020-04-09,139422,3836,17669,540,35220.084,60461828
Italy,2020-04-10,143626,4204,18281,612,35220.084,60461828
Italy,2020-04-11,147577,3951,18851,570,35220.084,60461828
Italy,2020-04-12,152271,4694,19470,619,35220.084,60461828
Italy,2020-13-04,156363,4092,19901,431,35220.084,60461828
Italy,2020-04-14,159516,3153,20465,564,35220.084,60461828
Italy,2020-04-15,162488,2972,21069,604,35220.084,60461828
Italy,2020-04-16,165155,2667,21647,578,35220.084,60461828
Itly,2020-04-17,168941,3786,22172,525,35220.084,60461828
Italy,2020-04-18,172434,3493,22747,575,35220.084,60461828
Italy,2020-04-19,175925,3491,23227,480,35220.084,60461828
Italy,2020-04-20,178972,3047,23660,433,35220.084,60461828
Italy,2020-04-21,181228,2256,24114,,35220.084,60461828
Italy,2020-04-22,183957,2729,24648,534,35220.084,60461828
Italy,2020-04-23,187327,3370,25085,437,35220.084,60461828
Italy,2020-04-24,189973,2646,25549,464,35220.084,60461828
Italy,2020-25-04,192994,3021,25969,420,35220.084,60461828
Itly,2020-04-26,195351,2357,26384,415,35220.084,60461828
Italy,2020-04-27,197675,2324,26644,260,35220.084,60461828
Itly,2020-04-28,199414,1739,26977,333,35220.084,60461828
Italy,2020-04-29,201505,2091,27359,382,35220.084,60461828
Italy,2020-04-30,203591,2086,27682,323,35220.084,60461828
Italy,2020-05-01,205463,1872,27967,285,35220.084,60461828
Italy,2020-05-02,207428,1965,28236,269,35220.084,60461828
Italy,2020-05-03,209328,1900,28710,474,35220.084,60461828
Italy,2020-05-04,210717,1389,28884,174,35220.084,60461828
Itly,2020-05-05,211938,1221,29079,195,35220.084,60461828
Italy,2020-05-06,213013,1075,29315,236,35220.084,60461828
Italy,2020-05-07,214457,1444,29684,369,35220.084,60461828
Italy,2020-05-08,215858,1401,29958,274,35220.084,60461828
Italy,2020-05-09,217185,1327,30201,243,35220.084,60461828
Italy,2020-05-10,218268,1083,30395,194,35220.084,60461828
Italy,2020-05-11,219070,802,30560,165,35220.084,60461828
Italy,2020-05-12,219814,744,30739,179,35220.084,60461828
Italy,2020-05-13,221216,1402,30911,172,35220.084,60461828
Italy,2020-05-14,222104,888,31106,195,35220.084,60461828
Italy,2020-15-05,223096,992,31368,262,35220.084,60461828
Italy,2020-05-16,223885,789,31610,242,35220.084,60461828
Italy,2020-05-17,224760,875,31763,153,35220.084,60461828
Italy,2020-05-18,225435,675,31908,145,35220.084,60461828
Itly,2020-05-19,225886,451,32007,99,35220.084,60461828
Italy,2020-05-20,226699,813,32169,162,35220.084,60461828
Italy,2020-05-21,227364,665,32330,161,35220.084,60461828
Italy,2020-05-22,228006,642,32486,156,35220.084,60461828
Italy,2020-05-23,228658,652,32616,130,35220.084,60461828
Itly,2020-05-24,229327,669,32735,119,35220.084,60461828
Italy,2020-05-25,229858,531,32785,50,35220.084,60461828
Italy,2020-26-05,230158,300,32877,92,35220.084,60461828
Italy,2020-05-27,230555,397,32955,78,35220.084,60461828
Italy,2020-05-28,231139,584,33072,117,35220.084,60461828
Italy,2020-29-05,231732,593,33142,70,35220.084,60461828
Italy,2020-30-05,232248,516,33229,87,35220.084,60461828
Italy,2020-05-31,232664,416,33340,111,35220.084,60461828
Italy,2020-06-01,233019,355,33415,75,35220.084,60461828
Italy,2020-06-02,233197,178,33475,60,35220.084,60461828
Italy,2020-06-03,233515,318,33530,55,35220.084,60461828
Italy,2020-06-04,233836,321,33601,71,35220.084,60461828
Italy,2020-06-05,234013,177,33689,88,35220.084,60461828
Italy,2020-06-06,234531,518,33774,85,35220.084,60461828
Italy,2020-06-07,234801,270,33846,72,35220.084,60461828
Italy,2020-06-08,234998,197,33899,53,35220.084,60461828
Italy,2020-06-09,235278,280,33964,65,35220.084,60461828
Italy,2020-06-10,235561,283,34043,79,35220.084,60461828
Italy,2020-06-11,235763,202,34114,71,35220.084,60461828
Italy,2020-06-12,236142,379,34167,53,35220.084,60461828
Italy,2020-06-13,236305,163,34223,56,35220.084,60461828
Italy,2020-06-14,236651,346,34301,78,35220.084,60461828
Italy,2020-06-15,236989,338,34345,44,35220.084,60461828
Italy,2020-06-16,237290,301,34371,26,35220.084,60461828
Italy,2020-06-17,237500,210,34405,34,35220.084,60461828
Italy,2020-06-18,237828,328,34448,43,35220.084,60461828
Italy,2020-06-19,238159,331,34514,66,35220.084,60461828
Itly,2020-06-20,238011,-148,34561,47,35220.084,60461828
Italy,2020-06-21,238275,264,34610,49,35220.084,60461828
Italy,2020-06-22,238499,224,34634,24,35220.084,60461828
Italy,2020-06-23,238720,221,34657,23,35220.084,60461828
Itly,2020-06-24,238833,113,34675,18,35220.084,60461828
Italy,2020-06-25,239410,577,34644,-31,35220.084,60461828
Italy,2020-26-06,239706,296,34678,34,35220.084,60461828
Italy,2020-27-06,239961,255,34708,30,35220.084,60461828
Italy,2020-06-28,240136,175,34716,8,35220.084,60461828
Italy,2020-29-06,240310,174,34738,22,35220.084,60461828
Italy,2020-06-30,240436,126,34744,6,35220.084,60461828
Italy,2020-07-01,240578,142,34767,23,35220.084,60461828
Italy,2020-07-02,240760,182,34788,21,35220.084,60461828
Italy,2020-07-03,240961,201,34818,30,35220.084,60461828
Italy,2020-07-04,241184,223,34833,15,35220.084,60461828
Italy,2020-07-05,241419,235,34854,21,35220.084,60461828
Italy,2020-07-06,241611,192,34861,7,35220.084,60461828
Italy,2020-07-07,241819,208,34869,8,35220.084,60461828
Italy,2020-07-08,241956,137,34899,30,35220.084,60461828
Italy,2020-07-09,242149,193,34914,15,35220.084,60461828
Italy,2020-07-10,242363,214,34926,12,35220.084,60461828
Italy,2020-07-11,242639,276,34938,12,35220.084,60461828
Italy,2020-07-12,242827,188,34945,7,35220.084,60461828
Italy,2020-07-13,243061,234,34954,9,35220.084,60461828
Italy,2020-07-14,243230,169,34967,13,35220.084,60461828
Spain,2019-12-31,0,0,0,0,34272.36,46754783
Spain,2020-01-01,0,0,0,0,34272.36,46754783
Spain,2020-01-02,0,0,0,0,34272.36,46754783
Spain,2020-01-03,0,0,0,0,34272.36,46754783
Spain,2020-01-04,0,0,0,0,34272.36,46754783
Spain,2020-01-05,0,0,0,0,34272.36,46754783
Spain,2020-01-06,0,0,0,0,34272.36,46754783
Spain,2020-01-07,0,0,0,0,34272.36,46754783
Spain,2020-01-08,0,0,0,0,34272.36,46754783
Spain,2020-01-09,0,0,0,0,34272.36,46754783
Spain,2020-01-10,0,0,0,0,34272.36,46754783
Spain,2020-01-11,0,0,0,0,34272.36,46754783
Spain,2020-01-12,0,0,0,0,34272.36,46754783
Spain,2020-01-13,0,0,0,0,34272.36,46754783
Spain,2020-01-14,0,0,0,0,34272.36,46754783
Spain,2020-15-01,0,0,0,0,34272.36,46754783
Spain,2020-01-16,0,0,0,0,34272.36,46754783
Spain,2020-01-17,0,0,0,0,34272.36,46754783
Spain,2020-18-01,0,0,0,0,34272.36,46754783
Spain,2020-01-19,0,0,0,0,34272.36,46754783
Spain,2020-01-20,0,0,0,0,34272.36,46754783
Spain,2020-01-21,0,0,0,0,34272.36,46754783
Spain,2020-01-22,0,0,0,0,34272.36,46754783
Spain,2020-23-01,0,0,0,0,34272.36,46754783
Spain,2020-01-24,0,0,0,0,34272.36,46754783
Spain,2020-25-01,0,0,0,0,34272.36,46754783
Spain,2020-26-01,0,0,0,0,34272.36,46754783
Spain,2020-01-27,0,0,0,0,34272.36,46754783
Spain,2020-01-28,0,0,0,0,34272.36,46754783
Spain,2020-01-29,0,0,0,0,34272.36,46754783
Spain,2020-01-30,0,0,0,0,34272.36,46754783
Spain,2020-01-31,0,0,0,0,34272.36,46754783
Spain,2020-02-01,1,1,0,0,34272.36,46754783
Spain,2020-02-02,1,0,0,0,34272.36,46754783
Spain,2020-02-03,1,0,0,0,34272.36,46754783
Spain,2020-02-04,1,0,0,0,34272.36,46754783
Spain,2020-02-05,1,0,0,0,34272.36,46754783
Spain,2020-02-06,1,0,0,0,34272.36,46754783
Spain,2020-02-07,1,0,0,0,34272.36,46754783
Spain,2020-02-08,1,0,0,0,34272.36,46754783
Spain,2020-02-09,1,0,0,0,34272.36,46754783
Spain,2020-02-10,2,1,0,0,34272.36,46754783
Spain,2020-02-11,2,0,0,0,34272.36,46754783
Spain,2020-02-12,2,0,0,0,34272.36,46754783
Spain,2020-02-13,2,0,0,0,34272.36,46754783
Spain,2020-14-02,2,0,0,0,34272.36,46754783
Spain,2020-02-15,2,0,0,0,34272.36,46754783
Spain,2020-16-02,2,0,0,0,34272.36,46754783
Spain,2020-02-17,2,0,0,0,34272.36,46754783
Spain,2020-02-18,2,0,0,0,34272.36,46754783
Spain,2020-19-02,2,0,0,0,34272.36,46754783
Spain,2020-20-02,2,0,0,0,34272.36,46754783
Spain,2020-02-21,2,0,0,0,34272.36,46754783
Spain,2020-02-22,2,0,0,0,34272.36,46754783
Spain,2020-02-23,2,0,0,0,34272.36,46754783
Spain,2020-02-24,2,0,0,0,34272.36,46754783
Spain,2020-02-25,3,1,0,0,34272.36,46754783
Spain,2020-02-26,9,6,0,0,34272.36,46754783
Spain,2020-02-27,17,8,0,0,34272.36,46754783
Spain,2020-02-28,35,18,0,0,34272.36,46754783
Spain,2020-29-02,54,19,0,0,34272.36,46754783
Spain,2020-03-01,82,28,0,0,34272.36,46754783
Spain,2020-03-02,136,54,0,0,34272.36,46754783
Spain,2020-03-03,192,56,0,0,34272.36,46754783
Spain,2020-03-04,267,75,0,0,34272.36,46754783
Spain,2020-03-05,348,81,1,1,34272.36,46754783
Spain,2020-03-06,531,183,3,2,34272.36,46754783
Spain,2020-03-07,764,233,5,2,34272.36,46754783
Spain,2020-03-08,1094,330,5,0,34272.36,46754783
Spain,2020-03-09,1527,433,5,0,34272.36,46754783
Spain,2020-03-10,2299,772,28,23,34272.36,46754783
Spain,2020-03-11,3274,975,35,7,34272.36,46754783
Spain,2020-03-12,4427,1153,47,12,34272.36,46754783
Spain,2020-03-13,5958,1531,84,37,34272.36,46754783
Spain,2020-03-14,7641,1683,121,37,34272.36,46754783
Spain,2020-15-03,9785,2144,136,15,34272.36,46754783
Spain,2020-03-16,11491,1706,288,152,34272.36,46754783
Spain,2020-03-17,13994,2503,309,21,34272.36,46754783
Spain,2020-03-18,17688,3694,491,182,34272.36,46754783
Spain,2020-03-19,21735,4047,598,107,34272.36,46754783
Spain,2020-20-03,26304,4569,767,169,34272.36,46754783
Spain,2020-03-21,31750,5446,1002,235,34272.36,46754783
Spain,2020-03-22,36616,4866,1326,324,34272.36,46754783
Spain,2020-03-23,41262,4646,1720,394,34272.36,46754783
Spain,2020-24-03,48953,7691,2182,462,34272.36,46754783
Spain,2020-25-03,57506,8553,2696,514,34272.36,46754783
Spain,2020-26-03,66460,8954,3434,738,34272.36,46754783
Spain,2020-03-27,75641,9181,4089,655,34272.36,46754783
Spain,2020-03-28,83885,8244,4858,769,34272.36,46754783
Spain,2020-29-03,90309,6424,5690,832,34272.36,46754783
Spain,2020-03-30,96122,5813,6528,838,34272.36,46754783
Spain,2020-03-31,104267,8145,7340,812,34272.36,46754783
Spain,2020-04-01,111680,7413,8189,849,34272.36,46754783
Spain,2020-04-02,119263,7583,9053,864,34272.36,46754783
Spain,2020-04-03,126535,7272,10003,950,34272.36,46754783
Spain,2020-04-04,133198,6663,10935,932,34272.36,46754783
Spain,2020-04-05,138731,5533,11744,809,34272.36,46754783
Spain,2020-04-06,142398,3667,12418,674,34272.36,46754783
Spain,2020-04-07,147607,5209,13055,637,34272.36,46754783
Spain,2020-04-08,153190,5583,13798,743,34272.36,46754783
Spain,2020-04-09,158935,5745,14555,757,34272.36,46754783
Spain,2020-04-10,163472,4537,15238,683,34272.36,46754783
Spain,2020-04-11,168022,4550,15843,605,34272.36,46754783
Spain,2020-04-12,171921,3899,16353,510,34272.36,46754783
Spain,2020-04-13,174951,3030,16972,619,34272.36,46754783
Spain,2020-04-14,178067,3116,17489,517,34272.36,46754783
Spain,2020-15-04,182491,4424,18276,787,34272.36,46754783
Spain,2020-04-16,186311,3820,18893,617,34272.36,46754783
Spain,2020-04-17,190129,3818,19478,585,34272.36,46754783
Spain,2020-18-04,193965,3836,20043,565,34272.36,46754783
Spain,2020-04-19,193252,-713,20453,410,34272.36,46754783
Spain,2020-04-20,195470,2218,20852,399,34272.36,46754783
Spain,2020-04-21,198421,2951,21282,430,34272.36,46754783
Spain,2020-04-22,200733,2312,21717,435,34272.36,46754783
Spain,2020-23-04,203649,2916,22157,440,34272.36,46754783
Spain,2020-04-24,205763,2114,22524,367,34272.36,46754783
Spain,2020-04-25,208269,2506,22902,378,34272.36,46754783
Spain,2020-26-04,209910,1641,23190,288,34272.36,46754783
Spain,2020-04-27,211570,1660,23190,0,34272.36,46754783
Spain,2020-04-28,213095,1525,23822,632,34272.36,46754783
Spain,2020-04-29,213942,847,24275,453,34272.36,46754783
Spain,2020-04-30,215183,1241,24543,268,34272.36,46754783
Spain,2020-05-01,216570,1387,24824,281,34272.36,46754783
Spain,2020-05-02,217804,1234,25100,276,34272.36,46754783
Spain,2020-05-03,218739,935,25264,164,34272.36,46754783
Spain,2020-05-04,219205,466,25428,164,34272.36,46754783
Spain,2020-05-05,220244,1039,25613,185,34272.36,46754783
Spain,2020-05-06,221124,880,25857,244,34272.36,46754783
Spain,2020-05-07,222045,921,26070,213,34272.36,46754783
Spain,2020-05-08,223218,1173,26251,181,34272.36,46754783
Spain,2020-05-09,223961,743,26478,227,34272.36,46754783
Spain,2020-05-10,227377,3416,26621,143,34272.36,46754783
Spain,2020-05-11,227770,393,26744,123,34272.36,46754783
Spain,2020-05-12,228252,482,26920,176,34272.36,46754783
Spain,2020-13-05,228691,439,27104,184,34272.36,46754783
Spain,2020-14-05,229540,849,27321,217,34272.36,46754783
Spain,2020-05-15,230183,643,27459,138,34272.36,46754783
Spain,2020-05-16,230698,515,27563,104,34272.36,46754783
Spain,2020-05-17,231350,652,27650,87,34272.36,46754783
Spain,2020-05-18,231606,256,27709,59,34272.36,46754783
Spain,2020-19-05,232037,431,27778,69,34272.36,46754783
Spain,2020-20-05,232555,518,27888,110,34272.36,46754783
Spain,2020-05-21,233037,482,27940,52,34272.36,46754783
Spain,2020-05-22,234824,1787,28628,688,34272.36,46754783
Spain,2020-05-23,235290,466,28678,50,34272.36,46754783
Spain,2020-05-24,235772,482,28752,74,34272.36,46754783
Spain,2020-05-25,235400,-372,26834,-1918,34272.36,46754783
Spain,2020-05-26,236259,859,27117,283,34272.36,46754783
Spain,2020-05-27,236769,510,27118,1,34272.36,46754783
Spain,2020-05-28,237906,1137,27119,1,34272.36,46754783
Spain,2020-05-29,238564,658,27121,2,34272.36,46754783
Spain,2020-05-30,239228,664,27125,4,34272.36,46754783
Spain,2020-05-31,239429,201,27127,2,34272.36,46754783
Spain,2020-06-01,239638,209,27127,0,34272.36,46754783
Spain,2020-06-02,239932,294,27127,0,34272.36,46754783
Spain,2020-06-03,240326,394,27128,1,34272.36,46754783
Spain,2020-06-04,240660,334,27133,5,34272.36,46754783
Spain,2020-06-05,240978,318,27134,1,34272.36,46754783
Spain,2020-06-06,241310,332,27135,1,34272.36,46754783
Spain,2020-06-07,241550,240,27136,1,34272.36,46754783
Spain,2020-06-08,241717,167,27136,0,34272.36,46754783
Spain,2020-06-09,241966,249,27136,0,34272.36,46754783
Spain,2020-06-10,242280,314,27136,0,34272.36,46754783
Spain,2020-06-11,242707,427,27136,0,34272.36,46754783
Spain,2020-06-12,243209,502,27136,0,34272.36,46754783
Spain,2020-06-13,243605,396,27136,0,34272.36,46754783
Spain,2020-06-14,243928,323,27136,0,34272.36,46754783
Spain,2020-06-15,244109,181,27136,0,34272.36,46754783
Spain,2020-06-16,244328,219,27136,0,34272.36,46754783
Spain,2020-17-06,244683,355,27136,0,34272.36,46754783
Spain,2020-06-18,245268,585,27136,0,34272.36,46754783
Spain,2020-06-19,245575,307,28315,1179,34272.36,46754783
Spain,2020-06-20,245938,363,28322,7,34272.36,46754783
Spain,2020-21-06,246272,334,28323,1,34272.36,46754783
Spain,2020-22-06,246504,232,28324,1,34272.36,46754783
Spain,2020-06-23,246752,248,28325,1,34272.36,46754783
Spain,2020-06-24,247086,334,28327,2,34272.36,46754783
Spain,2020-25-06,247486,400,28330,3,34272.36,46754783
Spain,2020-06-26,247905,419,28338,8,34272.36,46754783
Spain,2020-06-27,248469,564,28341,3,34272.36,46754783
Spain,2020-06-28,248770,301,28343,2,34272.36,46754783
Spain,2020-29-06,248970,200,28346,3,34272.36,46754783
Spain,2020-06-30,249271,301,28355,9,34272.36,46754783
Spain,2020-07-01,249659,388,28363,8,34272.36,46754783
Spain,2020-07-02,250103,444,28368,5,34272.36,46754783
Spain,2020-07-03,250545,442,28385,17,34272.36,46754783
Spain,2020-07-04,250545,0,28385,0,34272.36,46754783
Spain,2020-07-05,250545,0,28385,0,34272.36,46754783
Spain,2020-07-06,251789,1244,28388,3,34272.36,46754783
Spain,2020-07-07,252130,341,28392,4,34272.36,46754783
Spain,2020-07-08,252513,383,28396,4,34272.36,46754783
Spain,2020-07-09,253056,543,28401,5,34272.36,46754783
Spain,2020-07-10,253908,852,28403,2,34272.36,46754783
Spain,2020-07-11,253908,0,28403,0,34272.36,46754783
Spain,2020-07-12,253908,0,28403,0,34272.36,46754783
Spain,2020-07-13,255953,2045,28406,3,34272.36,46754783
United Kingdom,2019-12-31,0,0,0,0,39753.244,67886004
United Kingdom,2020-01-01,0,0,0,0,39753.244,67886004
United Kingdom,2020-01-02,0,0,0,0,39753.244,67886004
United Kingdom,2020-01-03,0,0,0,0,39753.244,67886004
United Kingdom,2020-01-04,0,0,0,0,39753.244,67886004
United Kingdom,2020-01-05,0,0,0,0,39753.244,67886004
United Kingdom,2020-01-06,0,0,0,0,39753.244,67886004
United Kingdom,2020-01-07,0,0,0,0,39753.244,67886004
United Kingdom,2020-01-08,0,0,0,0,39753.244,67886004
UnitedKingdom,2020-01-09,0,0,0,0,39753.244,67886004
United Kingdom,2020-01-10,0,0,0,0,39753.244,67886004
United Kingdom,2020-01-11,0,0,0,0,39753.244,67886004
United Kingdom,2020-01-12,0,0,0,0,39753.244,67886004
United Kingdom,2020-01-13,0,0,0,0,39753.244,67886004
United Kingdom,2020-01-14,0,0,0,0,39753.244,67886004
United Kingdom,2020-01-15,0,0,0,0,39753.244,67886004
United Kingdom,2020-01-16,0,0,0,0,39753.244,67886004
United Kingdom,2020-01-17,0,0,0,0,39753.244,67886004
United Kingdom,2020-01-18,0,0,0,0,39753.244,67886004
United Kingdom,2020-01-19,0,0,,,39753.244,67886004
United Kingdom,2020-01-20,0,0,0,0,39753.244,67886004
UnitedKingdom,2020-01-21,0,0,0,0,39753.244,67886004
United Kingdom,2020-01-22,0,0,0,0,39753.244,67886004
United Kingdom,2020-01-23,0,0,0,0,39753.244,67886004
United Kingdom,2020-01-24,0,0,0,0,39753.244,67886004
United Kingdom,2020-01-25,0,0,0,0,39753.244,67886004
United Kingdom,2020-01-26,0,0,0,0,39753.244,67886004
United Kingdom,2020-27-01,0,0,0,0,39753.244,67886004
United Kingdom,2020-01-28,0,0,0,0,39753.244,67886004
United Kingdom,2020-01-29,0,0,0,0,39753.244,67886004
United Kingdom,2020-01-30,0,0,0,0,39753.244,67886004
United Kingdom,2020-01-31,2,2,0,0,39753.244,67886004
United Kingdom,2020-02-01,2,0,0,0,39753.244,67886004
UnitedKingdom,2020-02-02,2,0,0,0,39753.244,67886004
United Kingdom,2020-02-03,2,0,0,0,39753.244,67886004
United Kingdom,2020-02-04,2,0,0,0,39753.244,67886004
United Kingdom,2020-02-05,2,0,0,0,39753.244,67886004
United Kingdom,2020-02-06,2,0,0,0,39753.244,67886004
United Kingdom,2020-02-07,3,1,0,0,39753.244,67886004
United Kingdom,2020-02-08,3,0,0,0,39753.244,67886004
United Kingdom,2020-02-09,4,1,0,0,39753.244,67886004
United Kingdom,2020-02-10,4,0,0,0,39753.244,67886004
United Kingdom,2020-02-11,8,4,0,0,39753.244,67886004
United Kingdom,2020-02-12,8,0,0,0,39753.244,67886004
United Kingdom,2020-13-02,9,1,0,0,39753.244,67886004
United Kingdom,2020-02-14,9,0,0,0,39753.244,67886004
United Kingdom,2020-02-15,9,0,0,0,39753.244,67886004
United Kingdom,2020-02-16,9,0,0,0,39753.244,67886004
United Kingdom,2020-02-17,9,0,0,0,39753.244,67886004
United Kingdom,2020-02-18,9,0,0,0,39753.244,67886004
United Kingdom,2020-19-02,9,0,0,0,39753.244,67886004
United Kingdom,2020-02-20,9,0,0,0,39753.244,67886004
United Kingdom,2020-02-21,9,0,0,0,39753.244,67886004
United Kingdom,2020-22-02,9,0,0,0,39753.244,67886004
United Kingdom,2020-23-02,9,0,0,0,39753.244,67886004
United Kingdom,2020-02-24,13,4,0,0,39753.244,67886004
United Kingdom,2020-02-25,13,0,0,0,39753.244,67886004
United Kingdom,2020-02-26,13,0,0,0,39753.244,67886004
UnitedKingdom,2020-02-27,13,0,0,0,39753.244,67886004
United Kingdom,2020-02-28,16,3,0,0,39753.244,67886004
United Kingdom,2020-02-29,18,2,0,0,39753.244,67886004
United Kingdom,2020-03-01,23,5,0,0,39753.244,67886004
United Kingdom,2020-03-02,36,13,0,0,39753.244,67886004
United Kingdom,2020-03-03,40,4,0,0,39753.244,67886004
United Kingdom,2020-03-04,51,11,0,0,39753.244,67886004
United Kingdom,2020-03-05,85,34,0,0,39753.244,67886004
United Kingdom,2020-03-06,115,30,0,0,39753.244,67886004
United Kingdom,2020-03-07,163,48,1,1,39753.244,67886004
United Kingdom,2020-03-08,206,43,2,1,39753.244,67886004
United Kingdom,2020-03-09,273,67,2,0,39753.244,67886004
United Kingdom,2020-03-10,321,48,3,1,39753.244,67886004
United Kingdom,2020-03-11,373,52,7,4,39753.244,67886004
United Kingdom,2020-03-12,456,83,7,0,39753.244,67886004
United Kingdom,2020-03-13,590,134,9,2,39753.244,67886004
United Kingdom,2020-03-14,707,117,10,1,39753.244,67886004
United Kingdom,2020-03-15,1140,433,28,18,39753.244,67886004
United Kingdom,2020-03-16,1391,251,43,15,39753.244,67886004
United Kingdom,2020-17-03,1543,152,65,22,39753.244,67886004
United Kingdom,2020-03-18,1950,407,81,16,39753.244,67886004
United Kingdom,2020-03-19,2630,680,115,34,39753.244,67886004
United Kingdom,2020-03-20,3277,647,158,43,39753.244,67886004
United Kingdom,2020-21-03,3983,706,194,36,39753.244,67886004
United Kingdom,2020-22-03,5018,1035,250,56,39753.244,67886004
United Kingdom,2020-03-23,5683,665,285,35,39753.244,67886004
United Kingdom,2020-03-24,6650,967,359,74,39753.244,67886004
United Kingdom,2020-03-25,8077,1427,508,149,39753.244,67886004
United Kingdom,2020-03-26,9529,1452,694,186,39753.244,67886004
United Kingdom,2020-27-03,11658,2129,877,183,39753.244,67886004
United Kingdom,2020-28-03,14543,2885,1161,284,39753.244,67886004
United Kingdom,2020-29-03,17089,2546,1455,294,39753.244,67886004
United Kingdom,2020-03-30,19522,2433,1669,214,39753.244,67886004
United Kingdom,2020-03-31,22141,2619,2043,374,39753.244,67886004
United Kingdom,2020-04-01,25150,3009,2425,382,39753.244,67886004
United Kingdom,2020-04-02,29474,4324,3095,670,39753.244,67886004
United Kingdom,2020-04-03,33718,4244,3747,652,39753.244,67886004
United Kingdom,2020-04-04,38168,4450,4461,714,39753.244,67886004
UnitedKingdom,2020-04-05,41903,3735,5221,760,39753.244,67886004
UnitedKingdom,2020-04-06,47806,5903,5865,644,39753.244,67886004
United Kingdom,2020-04-07,51608,3802,6433,568,39753.244,67886004
United Kingdom,2020-04-08,55242,3634,7471,1038,39753.244,67886004
United Kingdom,2020-04-09,60733,5491,8505,1034,39753.244,67886004
United Kingdom,2020-04-10,65077,4344,9608,1103,39753.244,67886004
United Kingdom,2020-04-11,70272,5195,10760,1152,39753.244,67886004
United Kingdom,2020-04-12,78991,8719,11599,839,39753.244,67886004
United Kingdom,2020-04-13,84279,5288,12285,686,39753.244,67886004
United Kingdom,2020-04-14,88621,4342,13029,744,39753.244,67886004
United Kingdom,2020-15-04,93873,5252,14073,1044,39753.244,67886004
UnitedKingdom,2020-04-16,98476,4603,14915,842,39753.244,67886004
United Kingdom,2020-17-04,103093,4617,15944,1029,39753.244,67886004
United Kingdom,2020-04-18,108692,5599,16879,935,39753.244,67886004
United Kingdom,2020-04-19,114217,5525,17994,1115,39753.244,67886004
United Kingdom,2020-04-20,120067,5850,18492,498,39753.244,67886004
United Kingdom,2020-04-21,124743,4676,19051,559,39753.244,67886004
United Kingdom,2020-04-22,129044,4301,20223,1172,39753.244,67886004
United Kingdom,2020-23-04,133495,4451,21060,837,39753.244,67886004
United Kingdom,2020-04-24,138078,4583,21787,727,39753.244,67886004
United Kingdom,2020-04-25,143464,5386,22792,1005,39753.244,67886004
United Kingdom,2020-26-04,148377,4913,23635,843,39753.244,67886004
United Kingdom,2020-27-04,152840,4463,24055,420,39753.244,67886004
UnitedKingdom,2020-04-28,157149,4309,24393,338,39753.244,67886004
United Kingdom,2020-04-29,161145,3996,25302,909,39753.244,67886004
United Kingdom,2020-04-30,165221,4076,26097,795,39753.244,67886004
UnitedKingdom,2020-05-01,171253,6032,26771,674,39753.244,67886004
United Kingdom,2020-05-02,177454,6201,27510,739,39753.244,67886004
UnitedKingdom,2020-05-03,182260,4806,28131,621,39753.244,67886004
UnitedKingdom,2020-05-04,186599,4339,28446,315,39753.244,67886004
United Kingdom,2020-05-05,190584,3985,28734,288,39753.244,67886004
United Kingdom,2020-05-06,194990,4406,29427,693,39753.244,67886004
United Kingdom,2020-05-07,201201,6211,30076,649,39753.244,67886004
United Kingdom,2020-05-08,206715,5514,30615,539,39753.244,67886004
United Kingdom,2020-05-09,211364,4649,31241,626,39753.244,67886004
UnitedKingdom,2020-05-10,215260,3896,31587,346,39753.244,67886004
United Kingdom,2020-05-11,219183,3923,31855,268,39753.244,67886004
United Kingdom,2020-05-12,223060,3877,32065,210,39753.244,67886004
United Kingdom,2020-05-13,226463,3403,32692,627,39753.244,67886004
United Kingdom,2020-05-14,229705,3242,33186,494,39753.244,67886004
United Kingdom,2020-05-15,233151,3446,33614,428,39753.244,67886004
United Kingdom,2020-05-16,236711,3560,33998,384,39753.244,67886004
United Kingdom,2020-05-17,240161,3450,34466,468,39753.244,67886004
United Kingdom,2020-05-18,243695,3534,34636,170,39753.244,67886004
UnitedKingdom,2020-05-19,246406,2711,34796,160,39753.244,67886004
United Kingdom,2020-05-20,248818,2412,35341,545,39753.244,67886004
United Kingdom,2020-05-21,248293,-525,35704,363,39753.244,67886004
United Kingdom,2020-05-22,250908,2615,36042,338,39753.244,67886004
United Kingdom,2020-05-23,254195,3287,36393,351,39753.244,67886004
UnitedKingdom,2020-24-05,257154,2959,36675,282,39753.244,67886004
United Kingdom,2020-05-25,259559,2405,36793,118,39753.244,67886004
United Kingdom,2020-05-26,261184,1625,36914,121,39753.244,67886004
United Kingdom,2020-05-27,265227,4043,37048,134,39753.244,67886004
United Kingdom,2020-05-28,267240,2013,37460,412,39753.244,67886004
United Kingdom,2020-05-29,269127,1887,37837,377,39753.244,67886004
United Kingdom,2020-05-30,271222,2095,38161,324,39753.244,67886004
United Kingdom,2020-05-31,272826,1604,38376,215,39753.244,67886004
United Kingdom,2020-06-01,274762,1936,38489,113,39753.244,67886004
United Kingdom,2020-06-02,276332,1570,39045,556,39753.244,67886004
United Kingdom,2020-06-03,277985,1653,39369,324,39753.244,67886004
UnitedKingdom,2020-06-04,279856,1871,39728,359,39753.244,67886004
United Kingdom,2020-06-05,281661,1805,39904,176,39753.244,67886004
United Kingdom,2020-06-06,283311,1650,40261,357,39753.244,67886004
United Kingdom,2020-06-07,284868,1557,40465,204,39753.244,67886004
United Kingdom,2020-06-08,286194,1326,40542,77,39753.244,67886004
United Kingdom,2020-06-09,287399,1205,40597,55,39753.244,67886004
United Kingdom,2020-06-10,289140,1741,40883,286,39753.244,67886004
United Kingdom,2020-06-11,290143,1003,41128,245,39753.244,67886004
UnitedKingdom,2020-06-12,291409,1266,41279,151,39753.244,67886004
United Kingdom,2020-06-13,292950,1541,41481,202,39753.244,67886004
United Kingdom,2020-14-06,294375,1425,41662,181,39753.244,67886004
United Kingdom,2020-06-15,295889,1514,41698,36,39753.244,67886004
United Kingdom,2020-16-06,296857,968,41736,38,39753.244,67886004
United Kingdom,2020-17-06,298136,1279,41969,233,39753.244,67886004
United Kingdom,2020-06-18,299251,1115,42153,184,39753.244,67886004
United Kingdom,2020-06-19,300469,1218,42288,135,39753.244,67886004
United Kingdom,2020-06-20,301815,1346,42461,173,39753.244,67886004
United Kingdom,2020-21-06,303110,1295,42589,128,39753.244,67886004
United Kingdom,2020-06-22,304331,1221,42632,43,39753.244,67886004
United Kingdom,2020-06-23,305289,958,42647,15,39753.244,67886004
United Kingdom,2020-06-24,306210,921,42927,280,39753.244,67886004
United Kingdom,2020-06-25,306862,652,43081,154,39753.244,67886004
United Kingdom,2020-26-06,307980,1118,43230,149,39753.244,67886004
UnitedKingdom,2020-27-06,309360,1380,43414,184,39753.244,67886004
United Kingdom,2020-06-28,310250,890,43514,100,39753.244,67886004
United Kingdom,2020-06-29,311151,901,43550,36,39753.244,67886004
United Kingdom,2020-30-06,311965,814,43575,25,39753.244,67886004
United Kingdom,2020-07-01,312654,689,43730,155,39753.244,67886004
United Kingdom,2020-07-02,313483,829,43906,176,39753.244,67886004
United Kingdom,2020-07-03,283757,-29726,43995,89,39753.244,67886004
United Kingdom,2020-07-04,284276,519,44131,136,39753.244,67886004
United Kingdom,2020-07-05,284900,624,44198,67,39753.244,67886004
United Kingdom,2020-07-06,285416,516,44220,22,39753.244,67886004
United Kingdom,2020-07-07,285768,352,44236,16,39753.244,67886004
United Kingdom,2020-07-08,286349,581,44391,155,39753.244,67886004
UnitedKingdom,2020-07-09,286979,630,44517,126,39753.244,67886004
United Kingdom,2020-07-10,287621,642,44602,85,39753.244,67886004
United Kingdom,2020-07-11,288133,512,44650,48,39753.244,67886004
United Kingdom,2020-07-12,288953,820,44798,148,39753.244,67886004
United Kingdom,2020-07-13,289603,650,44819,21,39753.244,67886004
United Kingdom,2020-07-14,290133,530,44830,11,39753.244,67886004
United States,2019-12-31,0,0,0,0,54225.446,331002647
United States,2020-01-01,0,0,0,0,54225.446,331002647
United Stats,2020-01-02,0,0,0,0,54225.446,331002647
United States,2020-01-03,0,0,0,0,54225.446,331002647
United States,2020-01-04,0,0,0,0,54225.446,331002647
United States,2020-01-05,0,0,0,0,54225.446,331002647
United States,2020-01-06,0,0,0,0,54225.446,331002647
United States,2020-01-07,0,0,0,0,54225.446,331002647
United States,2020-01-08,0,0,0,0,54225.446,331002647
United States,2020-01-09,0,0,0,0,54225.446,331002647
United States,2020-01-10,0,0,0,0,54225.446,331002647
United States,2020-01-11,0,0,0,0,54225.446,331002647
United States,2020-01-12,0,0,0,0,54225.446,331002647
United Stats,2020-13-01,0,0,0,0,54225.446,331002647
United States,2020-01-14,0,0,0,0,54225.446,331002647
United Stats,2020-01-15,0,0,0,0,54225.446,331002647
United States,2020-01-16,0,0,0,0,54225.446,331002647
United States,2020-17-01,0,0,0,0,54225.446,331002647
United States,2020-01-18,0,0,0,0,54225.446,331002647
United States,2020-01-19,0,0,0,0,54225.446,331002647
United States,2020-01-20,0,0,0,0,54225.446,331002647
United States,2020-01-21,1,1,0,0,54225.446,331002647
United States,2020-01-22,1,0,0,0,54225.446,331002647
United States,2020-01-23,1,0,0,0,54225.446,331002647
United States,2020-01-24,1,0,0,0,54225.446,331002647
United States,2020-01-25,2,1,0,0,54225.446,331002647
United States,2020-01-26,2,0,0,0,54225.446,331002647
United Stats,2020-27-01,5,3,0,0,54225.446,331002647
United States,2020-01-28,5,0,0,0,54225.446,331002647
United States,2020-01-29,5,0,0,0,54225.446,331002647
United States,2020-01-30,5,0,0,0,54225.446,331002647
United States,2020-31-01,6,1,0,0,54225.446,331002647
United States,2020-02-01,7,1,0,0,54225.446,331002647
United Stats,2020-02-02,8,1,0,0,54225.446,331002647
United States,2020-02-03,11,3,0,0,54225.446,331002647
United States,2020-02-04,11,0,0,0,54225.446,331002647
United Stats,2020-02-05,11,0,0,0,54225.446,331002647
United States,2020-02-06,12,1,0,0,54225.446,331002647
United States,2020-02-07,12,0,0,0,54225.446,331002647
United Stats,2020-02-08,12,0,0,0,54225.446,331002647
United States,2020-02-09,12,0,0,0,54225.446,331002647
United States,2020-02-10,12,0,0,0,54225.446,331002647
United States,2020-02-11,13,1,0,0,54225.446,331002647
United States,2020-02-12,13,0,0,0,54225.446,331002647
United States,2020-02-13,14,1,0,0,54225.446,331002647
United States,2020-02-14,15,1,0,0,54225.446,331002647
United States,2020-02-15,15,0,0,0,54225.446,331002647
United States,2020-16-02,15,0,0,0,54225.446,331002647
United States,2020-02-17,15,0,0,0,54225.446,331002647
United States,2020-02-18,15,0,0,0,54225.446,331002647
United States,2020-19-02,15,0,0,0,54225.446,331002647
United States,2020-20-02,15,0,0,0,54225.446,331002647
United States,2020-02-21,16,1,0,0,54225.446,331002647
United States,2020-02-22,35,19,0,0,54225.446,331002647
United States,2020-02-23,35,0,0,0,54225.446,331002647
United States,2020-02-24,35,0,0,0,54225.446,331002647
United States,2020-02-25,53,18,0,0,54225.446,331002647
United States,2020-02-26,53,0,0,0,54225.446,331002647
United States,2020-02-27,59,6,0,0,54225.446,331002647
United States,2020-28-02,60,1,0,0,54225.446,331002647
United States,2020-02-29,66,6,0,0,54225.446,331002647
United States,2020-03-01,69,3,1,1,54225.446,331002647
United States,2020-03-02,89,20,2,1,54225.446,331002647
United States,2020-03-03,103,14,6,4,54225.446,331002647
United Stats,2020-03-04,125,22,9,3,54225.446,331002647
United States,2020-03-05,159,34,11,2,54225.446,331002647
United States,2020-03-06,233,74,12,1,54225.446,331002647
United States,2020-03-07,338,105,14,2,54225.446,331002647
United States,2020-03-08,433,95,17,3,54225.446,331002647
United States,2020-03-09,554,121,21,4,54225.446,331002647
United States,2020-03-10,754,200,26,5,54225.446,331002647
United States,2020-03-11,1025,271,28,2,54225.446,331002647
United States,2020-03-12,1312,287,30,2,54225.446,331002647
United States,2020-03-13,1663,351,40,10,54225.446,331002647
United States,2020-03-14,2174,511,47,7,54225.446,331002647
United States,2020-15-03,2951,777,57,10,54225.446,331002647
United States,2020-03-16,3774,823,69,12,54225.446,331002647
United States,2020-03-17,4661,887,85,16,54225.446,331002647
United States,2020-03-18,6427,1766,108,23,54225.446,331002647
United States,2020-19-03,9415,2988,150,42,54225.446,331002647
United States,2020-03-20,14250,4835,150,0,54225.446,331002647
United States,2020-03-21,19624,5374,260,110,54225.446,331002647
United States,2020-03-22,26747,7123,340,80,54225.446,331002647
United States,2020-03-23,35206,8459,471,131,54225.446,331002647
United States,2020-03-24,46442,11236,590,119,54225.446,331002647
United States,2020-03-25,55231,8789,801,211,54225.446,331002647
United States,2020-03-26,69194,13963,1050,249,54225.446,331002647
United States,2020-27-03,85991,16797,1296,246,54225.446,331002647
United States,2020-03-28,104686,18695,1707,411,54225.446,331002647
United States,2020-03-29,124665,19979,2191,484,54225.446,331002647
United States,2020-03-30,143025,18360,2509,318,54225.446,331002647
United States,2020-03-31,164620,21595,3170,661,54225.446,331002647
United States,2020-04-01,189618,24998,4079,909,54225.446,331002647
United States,2020-04-02,216721,27103,5138,1059,54225.446,331002647
United States,2020-04-03,245540,28819,6053,915,54225.446,331002647
United States,2020-04-04,277965,32425,7157,1104,54225.446,331002647
United States,2020-04-05,312237,34272,8501,1344,54225.446,331002647
United States,2020-04-06,337635,25398,9647,1146,54225.446,331002647
United States,2020-04-07,368196,30561,10989,1342,54225.446,331002647
United States,2020-04-08,398809,30613,12895,1906,54225.446,331002647
United Stats,2020-04-09,432132,33323,14817,1922,54225.446,331002647
United States,2020-04-10,466033,33901,16690,1873,54225.446,331002647
United States,2020-04-11,501560,35527,18777,2087,54225.446,331002647
United States,2020-04-12,529951,28391,20608,1831,54225.446,331002647
United States,2020-04-13,557571,27620,22108,1500,54225.446,331002647
United States,2020-14-04,582594,25023,23649,1541,54225.446,331002647
United States,2020-15-04,609516,26922,26057,2408,54225.446,331002647
United States,2020-04-16,639664,30148,30985,4928,54225.446,331002647
United States,2020-17-04,671331,31667,33284,2299,54225.446,331002647
United States,2020-04-18,702164,30833,37054,3770,54225.446,331002647
United States,2020-04-19,735086,32922,38910,1856,54225.446,331002647
United States,2020-04-20,759687,24601,40682,1772,54225.446,331002647
United Stats,2020-21-04,787752,28065,42539,1857,54225.446,331002647
United States,2020-04-22,825041,37289,45063,2524,54225.446,331002647
United States,2020-23-04,842629,17588,46784,1721,54225.446,331002647
United States,2020-24-04,869172,26543,49963,3179,54225.446,331002647
United States,2020-04-25,890524,21352,51017,1054,54225.446,331002647
United Stats,2020-04-26,939053,48529,53189,2172,54225.446,331002647
United States,2020-04-27,965910,26857,54876,1687,54225.446,331002647
United States,2020-04-28,988451,22541,56245,1369,54225.446,331002647
United States,2020-29-04,1012583,24132,58355,2110,54225.446,331002647
United States,2020-04-30,1039909,27326,60966,2611,54225.446,331002647
United States,2020-05-01,1069826,29917,,,54225.446,331002647
United States,2020-05-02,1103781,33955,65068,2062,54225.446,331002647
United Stats,2020-05-03,1133069,29288,66385,1317,54225.446,331002647
United States,2020-05-04,1158041,24972,67682,1297,54225.446,331002647
United States,2020-05-05,1180634,22593,68934,1252,54225.446,331002647
United States,2020-05-06,1204475,23841,71078,2144,54225.446,331002647
United States,2020-05-07,1228603,24128,73431,2353,54225.446,331002647
United States,2020-05-08,1256972,28369,75670,2239,54225.446,331002647
United States,2020-05-09,1283929,26957,77180,1510,54225.446,331002647
United States,2020-05-10,1309541,25612,78794,1614,54225.446,331002647
United States,2020-05-11,1329799,20258,79528,734,54225.446,331002647
United States,2020-05-12,1347916,18117,80684,1156,54225.446,331002647
United States,2020-05-13,1369964,22048,82387,1703,54225.446,331002647
United States,2020-05-14,1390746,20782,84133,1746,54225.446,331002647
United Stats,2020-05-15,1417889,27143,85906,1773,54225.446,331002647
United States,2020-05-16,1443397,25508,87568,1662,54225.446,331002647
United States,2020-05-17,1467884,24487,88754,1186,54225.446,331002647
United States,2020-18-05,1486757,18873,89562,808,54225.446,331002647
United States,2020-05-19,1508598,21841,90353,791,54225.446,331002647
United States,2020-05-20,1528568,19970,91921,1568,54225.446,331002647
United States,2020-05-21,1551853,23285,93439,1518,54225.446,331002647
United States,2020-22-05,1577287,25434,94702,1263,54225.446,331002647
United States,2020-23-05,1601434,24147,96007,1305,54225.446,331002647
United States,2020-05-24,1622670,21236,97087,1080,54225.446,331002647
United States,2020-05-25,1643238,20568,97720,633,54225.446,331002647
United States,2020-05-26,1662302,19064,98220,500,54225.446,331002647
United States,2020-05-27,1681212,18910,98916,696,54225.446,331002647
United Stats,2020-05-28,1699933,18721,100442,1526,54225.446,331002647
United States,2020-05-29,1721750,21817,101617,1175,54225.446,331002647
United States,2020-05-30,1747087,25337,102836,1219,54225.446,331002647
United States,2020-05-31,1770384,23297,103781,945,54225.446,331002647
United States,2020-06-01,1790191,19807,104383,602,54225.446,331002647
United States,2020-06-02,1811277,21086,105147,764,54225.446,331002647
United States,2020-06-03,1831821,20544,106181,1034,54225.446,331002647
United States,2020-06-04,1851520,19699,107175,994,54225.446,331002647
United States,2020-06-05,1872660,21140,108211,1036,54225.446,331002647
United States,2020-06-06,1897838,25178,109143,932,54225.446,331002647
United States,2020-06-07,1920061,22223,109802,659,54225.446,331002647
United States,2020-06-08,1942363,22302,110514,712,54225.446,331002647
United States,2020-06-09,1961185,18822,111007,493,54225.446,331002647
United States,2020-06-10,1979850,18665,112006,999,54225.446,331002647
United States,2020-06-11,2000464,20614,112924,918,54225.446,331002647
United States,2020-06-12,2023347,22883,113820,896,54225.446,331002647
United States,2020-06-13,2048986,25639,114669,849,54225.446,331002647
United States,2020-06-14,2074526,25540,115436,767,54225.446,331002647
United States,2020-06-15,2094069,19543,115732,296,54225.446,331002647
United States,2020-06-16,2114026,19957,116127,395,54225.446,331002647
United States,2020-06-17,2137731,23705,116963,836,54225.446,331002647
United States,2020-06-18,2163290,25559,117717,754,54225.446,331002647
United States,2020-06-19,2191052,27762,118434,717,54225.446,331002647
United States,2020-06-20,2220961,29909,119112,678,54225.446,331002647
United States,2020-06-21,2255119,34158,119719,607,54225.446,331002647
United States,2020-06-22,2280912,25793,119975,256,54225.446,331002647
United States,2020-06-23,2312302,31390,120402,427,54225.446,331002647
United States,2020-06-24,2347022,34720,121228,826,54225.446,331002647
United States,2020-06-25,2381361,34339,121979,751,54225.446,331002647
United States,2020-06-26,2422310,40949,124416,2437,54225.446,331002647
United States,2020-06-27,2467837,45527,125039,623,54225.446,331002647
United Stats,2020-28-06,2510323,42486,125539,500,54225.446,331002647
United States,2020-06-29,2548996,38673,125804,265,54225.446,331002647
United States,2020-06-30,2590552,41556,126140,336,54225.446,331002647
United States,2020-07-01,2634432,43880,127410,1270,54225.446,331002647
United States,2020-07-02,2686480,52048,128062,652,54225.446,331002647
United States,2020-07-03,2739879,53399,128740,678,54225.446,331002647
United States,2020-07-04,2794321,54442,129434,694,54225.446,331002647
United States,2020-07-05,2839542,45221,129676,242,54225.446,331002647
United States,2020-07-06,2888635,49093,129947,271,54225.446,331002647
United States,2020-07-07,2938625,49990,130306,359,54225.446,331002647
United States,2020-07-08,2996098,57473,131480,1174,54225.446,331002647
United States,2020-07-09,3055004,58906,132309,829,54225.446,331002647
United States,2020-07-10,3118008,63004,133291,982,54225.446,331002647
United States,2020-07-11,3184633,66625,134097,806,54225.446,331002647
United States,2020-07-12,3247684,63051,134814,717,54225.446,331002647
United States,2020-13-07,3304942,57258,135205,391,54225.446,331002647
United States,2020-14-07,3363056,58114,135605,400,54225.446,331002647